CustomerID,Age,Income,Recency,MntWines,MntFruits,MntMeatProducts,MntFishProducts,MntSweetProducts,MntGoldProds,NumWebPurchases,NumCatalogPurchases,NumStorePurchases,NumWebVisitsMonth,NumDealsPurchases,Kidhome,Teenhome,AcceptedCmp1,AcceptedCmp2,AcceptedCmp3,AcceptedCmp4,AcceptedCmp5,Complain,Education,Marital_Status,CustomerTenureDays,Cluster
1,32,34433.47,39,312.81,37.5,62.99,53.28,24.47,22.26,2,2,4,5,2,0,1,0,0,0,0,0,0,Graduation,Married,1800,2
2,25,26561.49,29,269.6,10.0,79.38,13.69,10.02,29.1,2,0,4,5,3,0,1,1,0,0,0,0,0,PhD,Single,2395,0
3,24,23590.25,77,323.44,14.59,97.99,54.93,37.8,0.57,1,0,7,6,4,1,0,0,0,0,1,0,0,2n Cycle,Together,591,0
4,27,24812.62,0,432.0,31.25,159.55,7.94,28.82,62.75,1,1,2,3,2,1,0,0,0,0,0,0,0,Basic,Together,1416,0
5,34,67322.74,60,679.62,27.66,217.77,73.55,41.08,80.22,8,4,15,2,3,1,0,1,0,1,0,0,0,Basic,Together,962,1
6,25,34082.97,94,244.58,10.06,156.65,35.7,41.69,31.06,3,4,1,4,5,2,2,1,1,0,0,0,0,PhD,Widow,1695,0
7,27,31237.14,2,346.01,30.97,30.67,58.77,21.15,28.94,6,2,6,8,1,2,1,0,0,0,0,0,0,Graduation,Single,2220,0
8,25,32019.49,13,297.51,47.47,129.66,52.34,7.42,25.37,4,3,3,5,6,2,1,1,0,1,0,0,0,Basic,Widow,1524,0
9,52,17357.25,11,320.43,11.94,108.03,28.49,19.49,33.98,4,2,4,10,2,2,1,0,1,0,0,0,1,PhD,Widow,3581,2
10,35,92101.07,50,991.48,130.36,461.2,134.06,31.63,120.0,7,4,4,3,4,0,1,0,0,0,0,0,0,Basic,Together,333,3
11,41,30461.05,94,145.05,22.54,145.64,53.12,19.71,39.09,1,1,3,6,0,2,1,0,0,0,0,0,0,PhD,Together,1710,2
12,42,101897.33,43,1032.87,48.15,300.97,94.04,49.31,65.14,4,2,2,6,1,0,0,1,0,1,0,0,0,2n Cycle,Married,2701,3
13,24,32786.54,52,326.88,34.98,208.14,46.03,30.23,40.15,3,2,3,9,2,2,0,0,0,0,0,0,0,2n Cycle,Single,1295,0
14,60,26410.92,57,168.13,20.02,27.33,24.48,11.88,24.23,1,1,3,4,0,1,1,0,0,0,0,0,0,Graduation,Divorced,3520,2
15,31,40454.81,38,128.04,15.18,43.69,59.91,13.08,18.77,2,2,4,9,1,2,2,1,0,0,0,0,0,Basic,Single,819,0
16,44,20473.7,40,244.81,15.76,124.23,30.4,13.48,30.18,2,0,2,3,2,1,0,0,0,0,0,0,1,Basic,Divorced,3183,2
17,25,88853.35,58,775.71,35.34,109.28,65.2,40.57,83.36,5,6,11,9,3,0,1,1,1,0,0,1,0,Basic,Married,170,1
18,38,18443.58,30,111.2,7.81,96.04,25.88,22.83,22.79,4,1,0,3,3,2,2,0,0,0,1,0,0,Master,Widow,1937,0
19,33,38092.09,41,131.59,11.92,146.05,13.67,13.86,9.99,2,1,5,7,3,2,1,0,0,0,0,0,0,2n Cycle,Together,883,2
20,43,91610.93,54,792.9,46.41,354.03,157.45,13.77,60.53,7,4,7,3,4,0,0,0,1,0,0,0,0,PhD,Married,3074,1
21,33,33433.52,99,392.76,15.89,72.24,44.28,20.63,54.63,4,0,3,5,2,1,1,0,0,0,0,0,0,PhD,Married,838,0
22,44,95744.51,85,940.11,106.87,304.35,152.21,66.7,192.13,3,3,8,7,1,0,1,1,1,0,0,0,0,2n Cycle,Widow,1378,3
23,33,82581.61,46,761.02,48.94,397.99,104.37,51.11,129.92,5,2,7,4,3,0,1,1,0,1,1,0,0,Basic,Widow,1133,1
24,31,23767.15,27,447.35,27.12,201.93,37.15,22.34,44.6,5,2,2,2,3,2,2,0,0,1,0,0,0,Graduation,Widow,2389,0
25,46,111576.7,5,920.35,65.42,341.5,52.47,68.88,125.68,6,2,7,10,1,0,2,0,0,0,1,0,0,Graduation,Single,2734,3
26,47,70932.96,28,1174.37,1.26,509.32,87.63,149.44,181.63,4,1,5,2,3,0,2,0,1,0,0,0,0,Basic,Together,604,3
27,38,105704.27,8,1293.82,68.86,367.43,125.66,61.11,20.05,6,1,6,3,0,0,2,1,0,0,0,0,0,2n Cycle,Divorced,647,3
28,58,24792.53,64,237.35,12.61,100.0,11.41,1.74,23.33,3,1,1,4,1,2,2,0,0,0,0,0,0,PhD,Married,3416,2
29,44,9069.89,47,101.22,27.58,123.97,4.01,23.5,35.78,4,0,5,5,4,2,2,0,0,1,0,0,0,PhD,Together,1533,2
30,45,27408.84,86,119.23,14.3,98.23,30.8,12.62,29.29,0,1,2,5,1,2,1,0,0,0,0,0,0,Master,Married,191,0
31,33,72126.11,36,760.66,78.9,266.06,89.92,45.4,67.08,4,3,10,5,3,0,1,1,1,0,0,1,0,PhD,Widow,2678,1
32,32,81077.16,22,806.87,111.96,93.11,45.88,49.88,163.4,12,3,9,12,1,0,1,0,0,0,1,0,0,Basic,Widow,334,1
33,25,27079.26,34,425.5,27.73,7.84,50.59,22.74,44.22,2,2,5,4,1,2,1,0,0,0,0,0,0,Basic,Married,1049,0
34,29,91923.22,19,707.1,37.55,431.12,133.15,17.56,48.77,10,3,7,4,1,1,0,0,0,1,0,0,0,Basic,Married,2132,1
35,26,123955.55,20,877.33,77.81,130.6,18.76,24.97,81.71,7,4,12,6,2,1,0,1,0,0,0,0,0,Master,Single,2605,1
36,42,81833.6,26,778.93,45.53,311.59,176.97,16.12,64.06,5,2,8,6,2,0,0,0,0,0,0,0,0,PhD,Married,982,3
37,18,11367.24,57,385.69,20.87,167.07,56.89,10.59,23.52,4,2,3,5,2,1,1,0,0,0,0,1,0,Basic,Single,3203,0
38,18,17393.13,62,252.75,28.32,20.71,70.71,19.14,26.02,1,3,6,2,0,0,0,0,0,0,0,0,0,Basic,Divorced,3383,2
39,60,24947.71,67,143.38,11.52,116.05,23.17,12.8,15.67,2,1,1,5,3,1,0,0,0,0,1,0,0,Master,Divorced,2266,2
40,49,85573.69,0,231.19,108.72,400.0,91.25,47.13,45.73,4,1,13,4,3,0,0,1,0,1,0,1,0,Master,Together,1452,1
41,38,102851.41,42,841.15,62.6,584.22,33.15,36.23,147.47,7,4,8,3,3,0,2,1,0,0,1,1,0,2n Cycle,Widow,2246,3
42,44,70622.99,61,822.0,82.45,636.06,57.47,99.61,88.65,8,3,10,8,1,0,1,0,0,0,1,0,0,Graduation,Divorced,1746,3
43,27,84976.96,1,841.06,71.8,357.31,156.48,70.22,87.44,6,3,10,8,2,0,1,1,0,1,0,0,0,Graduation,Married,2056,3
44,38,24381.58,65,193.64,0.0,147.68,27.01,1.25,2.21,4,2,3,9,3,1,0,0,0,0,0,0,0,PhD,Single,2105,0
45,32,78351.59,79,592.79,76.88,550.11,136.38,59.02,73.58,11,1,14,9,1,0,2,0,0,1,1,0,1,Graduation,Divorced,1008,3
46,30,81137.35,86,272.81,36.98,394.89,39.23,57.9,77.31,13,9,10,4,1,1,0,1,0,0,0,0,0,Basic,Widow,3395,1
47,32,27040.88,52,194.69,15.22,73.68,56.4,4.86,14.08,4,0,2,4,0,1,2,1,0,0,0,0,0,Master,Together,1276,0
48,33,13125.7,37,229.95,17.44,176.37,97.52,41.69,41.4,3,0,4,2,2,1,2,0,1,1,0,1,0,Graduation,Married,841,0
49,25,73138.36,37,825.64,81.77,230.92,108.83,81.85,90.6,14,4,11,6,1,0,1,0,1,0,0,1,0,PhD,Married,3509,1
50,41,22520.19,69,203.76,9.8,93.77,16.27,14.09,28.5,3,0,0,3,1,1,0,0,0,0,0,0,0,PhD,Divorced,2198,2
51,29,23808.06,61,232.22,42.42,147.93,23.68,20.18,4.1,7,2,10,3,4,0,2,0,0,0,0,1,0,PhD,Single,1610,0
52,46,36317.09,69,220.43,14.64,76.21,8.3,0.0,8.24,0,2,3,7,2,1,2,1,0,0,0,0,0,Master,Divorced,3518,2
53,39,90039.59,92,608.41,52.53,190.46,3.38,55.92,96.06,12,1,7,6,4,0,0,1,0,1,1,1,0,PhD,Widow,781,1
54,18,29707.56,14,397.69,30.83,47.99,42.41,21.49,37.32,2,2,3,2,4,1,1,0,0,0,0,1,0,PhD,Married,3093,0
55,30,88122.8,2,1093.65,56.72,578.1,90.73,89.16,133.65,6,5,8,8,1,0,2,0,1,0,0,0,0,PhD,Together,1018,3
56,37,89362.21,65,870.76,68.83,666.03,27.47,19.16,110.32,7,2,6,5,2,0,1,0,0,0,1,0,0,Master,Widow,1156,1
57,26,28404.7,28,260.61,30.27,243.38,52.99,20.45,28.18,5,2,4,5,2,1,1,0,0,0,0,0,0,Graduation,Widow,3440,2
58,38,76876.83,20,1134.5,85.43,31.3,111.43,41.68,103.28,10,1,3,6,0,0,0,0,0,0,0,0,0,2n Cycle,Divorced,3438,3
59,27,60376.95,88,1064.52,97.17,708.6,51.89,53.61,144.11,11,1,8,4,1,0,2,1,1,0,0,0,0,2n Cycle,Widow,135,1
60,67,31584.2,65,189.39,13.96,32.5,27.2,13.91,23.3,1,1,1,5,1,1,0,0,0,0,0,0,0,Master,Widow,108,2
61,39,101405.91,49,769.07,72.58,535.81,4.64,66.91,117.83,9,4,12,8,1,0,2,1,0,0,0,0,0,Graduation,Married,2250,3
62,50,87749.18,83,607.98,50.53,447.15,63.76,71.01,107.12,2,3,13,7,1,0,2,0,1,0,0,0,0,PhD,Single,3556,3
63,22,28290.23,80,309.48,18.82,104.96,19.77,45.37,52.18,2,3,6,4,1,1,0,1,0,0,0,1,0,Basic,Divorced,2758,0
64,72,73625.47,37,783.78,53.48,449.83,62.1,32.9,101.46,5,1,10,9,3,0,2,1,1,1,0,0,0,Basic,Single,782,1
65,28,21279.55,99,74.36,31.41,150.02,59.19,29.66,31.68,2,2,5,7,0,0,1,1,0,0,0,1,0,2n Cycle,Widow,2858,0
66,25,25714.89,59,319.65,36.98,134.75,0.0,17.39,28.64,4,3,3,6,1,0,1,0,0,0,0,0,0,Basic,Married,1413,0
67,23,25642.51,74,277.01,29.84,149.92,51.34,32.09,49.98,3,0,4,3,2,0,2,0,1,1,0,0,0,PhD,Married,193,0
68,44,40224.1,47,204.5,15.99,144.88,18.15,12.4,12.44,1,1,5,9,1,2,0,0,0,0,0,0,0,Master,Together,1246,0
69,44,89163.95,5,843.64,56.44,197.69,0.0,31.02,151.79,5,0,7,9,1,0,2,1,0,1,0,0,0,Master,Married,319,1
70,29,40435.59,50,275.25,23.1,192.62,45.21,22.63,52.44,4,1,3,6,2,1,2,1,0,0,0,0,0,Basic,Divorced,1621,2
71,43,84536.1,39,1014.38,90.78,223.07,125.83,125.57,124.39,7,2,8,5,2,0,0,0,0,0,0,0,0,Basic,Single,2033,3
72,33,89082.3,41,784.44,59.34,152.3,141.25,68.19,96.57,9,2,14,6,3,1,0,0,0,0,0,0,0,Graduation,Together,1809,3
73,18,12428.33,1,361.05,30.97,126.24,24.49,17.76,50.29,3,1,6,0,1,0,2,0,0,1,1,0,0,Master,Divorced,3131,0
74,24,23288.58,44,278.32,31.61,13.4,49.72,26.18,34.42,3,3,4,6,3,1,2,0,1,0,0,0,0,Basic,Single,710,0
75,40,79244.48,63,922.73,90.68,213.55,161.84,20.63,119.81,5,4,8,3,2,0,0,1,0,0,0,0,0,PhD,Married,1681,3
76,42,95535.9,40,702.12,40.78,344.02,94.31,66.63,114.55,8,10,10,9,1,1,2,0,0,0,1,1,0,PhD,Married,3519,3
77,25,43666.79,22,360.46,39.39,148.77,42.64,24.19,36.21,3,1,3,4,1,2,2,1,1,0,0,0,0,Basic,Divorced,559,0
78,43,80527.61,61,245.25,53.34,485.54,117.27,45.42,158.48,8,3,6,5,3,0,0,0,1,0,0,0,0,Basic,Together,3633,3
79,24,26504.62,76,471.28,14.05,89.6,44.89,31.82,48.53,4,0,1,8,1,0,2,0,0,1,1,0,0,2n Cycle,Together,3057,2
80,34,116602.01,65,840.09,54.28,143.37,48.26,47.77,41.91,9,3,9,5,1,1,0,1,0,0,0,0,0,2n Cycle,Single,2091,1
81,26,28726.97,99,333.4,18.97,185.38,11.27,20.92,18.27,7,4,4,2,2,0,2,0,0,0,0,0,0,Basic,Together,1433,0
82,41,96183.44,99,880.1,54.81,245.93,124.88,87.0,93.52,6,4,5,4,0,0,2,1,1,1,1,0,0,Graduation,Together,2901,3
83,38,85436.55,75,461.8,56.91,520.23,22.97,36.56,126.56,7,2,12,7,3,0,2,0,0,1,1,1,0,2n Cycle,Together,2304,3
84,50,84276.8,76,1113.92,94.56,454.33,61.14,58.27,138.12,2,2,3,4,4,0,0,0,0,1,0,0,1,Graduation,Divorced,3508,3
85,32,60482.89,55,999.87,46.93,262.14,142.45,61.7,138.71,6,2,14,3,3,0,1,1,1,0,1,0,0,Master,Single,3590,1
86,18,9908.07,34,244.46,7.39,164.61,32.08,14.05,50.98,1,0,1,4,2,0,1,0,0,0,1,1,0,Graduation,Divorced,3368,2
87,35,50090.06,15,56.99,9.32,130.12,11.94,16.73,7.83,2,2,2,4,1,2,0,0,0,0,0,0,0,Basic,Married,1429,0
88,18,20594.31,48,279.26,20.93,202.47,68.27,22.28,42.48,3,2,4,1,3,0,2,1,0,1,0,0,0,Graduation,Divorced,1132,2
89,54,29631.77,81,90.74,9.48,78.15,35.48,9.44,43.75,4,1,3,4,3,2,2,0,0,1,0,1,0,Graduation,Single,2431,2
90,37,89224.74,59,641.71,81.17,335.08,91.3,54.89,44.65,3,6,10,7,1,1,1,1,0,1,0,0,0,Master,Single,211,1
91,38,94136.36,76,791.8,59.4,191.05,160.4,78.61,29.98,5,2,16,9,0,0,2,0,1,0,1,0,0,PhD,Married,2442,3
92,48,82813.22,74,350.19,55.32,55.21,112.14,0.0,41.35,6,4,14,6,1,0,2,0,0,0,0,0,0,Basic,Married,3392,1
93,18,33610.22,30,331.61,26.52,99.22,23.03,25.45,30.82,3,2,4,7,3,0,0,0,1,0,0,0,0,Master,Single,2959,0
94,38,81633.99,12,771.38,84.11,403.39,65.09,58.11,79.44,12,0,6,10,2,0,2,0,0,1,1,0,0,2n Cycle,Together,1865,3
95,39,16151.97,80,188.27,18.8,0.0,36.74,9.71,12.89,1,0,3,4,5,1,2,0,0,0,0,0,0,Graduation,Together,3102,2
96,30,84100.04,53,883.95,94.85,254.04,145.9,37.67,96.97,4,4,9,5,1,0,0,0,1,0,0,1,0,2n Cycle,Divorced,193,3
97,63,20838.95,2,309.55,11.61,89.42,31.25,13.97,31.76,3,2,2,3,5,2,2,0,0,0,0,1,0,Graduation,Married,3436,2
98,37,92955.18,14,664.35,51.8,575.35,65.61,70.9,92.8,5,2,7,6,2,0,1,1,0,1,0,0,0,Master,Together,3577,1
99,32,97762.12,37,881.72,35.7,478.4,110.45,54.55,105.87,6,2,8,3,4,0,1,0,0,0,1,0,0,PhD,Widow,537,3
100,27,19282.1,13,100.7,18.04,74.63,14.05,19.2,11.65,0,1,3,4,2,1,2,0,0,0,0,0,0,2n Cycle,Together,1759,2
101,28,21238.65,59,384.66,25.81,288.04,28.65,38.13,10.19,1,4,6,4,2,2,2,0,1,0,0,0,0,Graduation,Together,2434,2
102,33,61982.28,22,418.92,33.77,88.75,89.93,49.51,5.21,7,2,15,3,3,0,1,0,1,0,1,1,0,2n Cycle,Single,794,1
103,52,33057.84,9,99.01,26.25,95.1,29.92,1.8,35.22,4,0,1,7,4,2,0,1,0,0,0,0,0,PhD,Together,470,2
104,34,69769.73,35,803.15,55.22,259.07,79.97,57.19,93.07,8,3,8,8,1,1,2,0,0,1,0,0,0,PhD,Together,2493,3
105,19,28267.81,0,215.68,37.16,115.32,0.0,19.69,36.4,1,0,3,6,3,1,0,0,0,0,0,0,0,PhD,Together,263,2
106,20,20973.61,95,130.16,29.92,161.91,52.22,32.45,0.0,5,2,4,3,2,0,1,1,0,0,0,0,0,PhD,Single,1824,0
107,24,26268.41,60,190.42,28.84,355.48,44.11,29.65,36.82,6,2,3,4,2,1,0,0,1,0,0,0,1,Graduation,Divorced,3168,2
108,43,38799.8,53,194.31,2.77,50.14,43.15,19.48,13.33,1,0,3,6,0,1,2,0,0,0,0,0,0,Master,Divorced,2370,2
109,40,102151.57,56,880.58,96.66,276.77,108.46,0.0,121.1,5,2,7,4,1,0,1,0,0,0,1,0,0,PhD,Single,3008,3
110,35,29913.39,15,178.56,12.96,0.0,27.0,9.9,18.64,2,0,4,2,1,2,2,0,0,0,0,0,0,Basic,Divorced,3309,2
111,19,26624.93,60,307.16,27.89,150.39,42.36,21.13,8.91,5,1,4,4,1,1,2,0,0,0,0,0,0,Graduation,Single,2111,2
112,31,5000.0,75,33.48,17.18,113.05,13.65,12.15,28.96,2,2,5,5,0,2,2,0,0,0,0,0,0,Graduation,Widow,3134,2
113,34,25523.49,43,70.96,20.9,25.95,24.4,15.07,1.55,2,0,4,5,1,1,2,0,0,0,0,0,0,PhD,Divorced,2603,2
114,64,28825.04,67,253.0,17.86,55.04,21.24,24.75,19.69,0,2,2,8,1,2,2,0,0,0,0,0,0,2n Cycle,Married,915,2
115,49,78094.03,8,706.85,59.63,197.53,103.77,57.44,106.89,9,0,8,5,3,0,2,0,0,0,0,0,1,PhD,Single,3607,3
116,45,79134.73,13,428.49,47.63,381.24,126.09,53.47,70.3,11,5,11,1,2,0,2,0,0,1,1,0,0,PhD,Single,1238,1
117,40,106028.28,99,1092.63,116.48,729.99,162.92,86.56,7.08,5,2,13,7,1,0,0,0,1,0,0,1,0,2n Cycle,Single,2727,3
118,63,19354.77,8,257.05,16.51,198.16,8.29,12.01,17.63,3,1,4,2,1,1,2,0,0,0,0,1,0,Graduation,Married,457,2
119,29,10011.16,43,519.71,24.72,72.25,63.2,29.68,50.51,3,3,3,8,1,0,2,1,0,0,0,0,0,PhD,Single,3019,0
120,30,101230.88,14,220.36,25.69,84.58,80.0,56.66,84.08,12,1,15,4,0,1,0,1,0,1,1,0,0,2n Cycle,Married,3262,1
121,44,34260.03,94,170.8,15.01,187.59,9.53,8.83,13.17,2,0,6,3,0,1,1,0,0,0,0,1,0,Master,Widow,448,0
122,38,68645.05,60,61.06,72.41,212.18,131.28,25.61,109.2,11,2,10,5,4,1,0,1,0,1,0,0,0,2n Cycle,Widow,3347,1
123,18,20667.05,8,504.78,21.33,99.27,49.13,39.31,56.97,6,1,6,6,2,0,2,0,0,0,0,0,0,PhD,Married,2973,0
124,28,63011.03,2,811.47,69.73,216.71,25.03,33.04,99.29,13,5,12,2,2,1,0,1,0,0,1,0,0,2n Cycle,Divorced,1394,1
125,43,75021.42,39,420.05,84.1,561.45,99.81,34.17,130.28,8,6,12,5,2,0,2,0,0,0,0,0,0,Basic,Married,1840,1
126,21,27522.26,28,415.18,42.04,17.2,51.08,31.09,55.97,1,2,6,5,2,0,1,1,0,0,0,0,0,Master,Single,2492,0
127,36,32572.31,45,382.97,20.85,93.21,1.49,27.42,55.66,4,1,5,5,1,2,2,1,0,0,0,0,0,Graduation,Widow,1982,2
128,41,86953.13,71,626.97,87.97,385.3,57.74,57.03,50.49,8,3,7,3,3,1,0,0,0,1,0,0,0,Graduation,Single,812,3
129,36,19245.72,13,341.15,10.33,116.03,36.16,5.84,15.33,2,1,3,4,4,1,0,1,0,0,0,0,0,2n Cycle,Together,1040,0
130,45,32395.0,75,242.88,24.35,115.03,29.7,19.46,22.43,2,1,3,7,1,2,2,0,0,0,0,0,0,Basic,Widow,3251,2
131,23,34254.1,82,322.35,30.62,76.47,23.04,11.5,20.98,4,1,4,5,2,0,1,1,0,0,1,0,0,Basic,Divorced,679,0
132,55,22192.63,52,189.53,25.06,82.52,28.79,4.8,17.69,2,4,6,6,2,1,2,0,0,0,0,0,0,2n Cycle,Together,254,2
133,31,94714.99,30,657.75,0.0,521.15,120.95,26.92,72.8,9,1,8,7,3,0,1,0,0,1,0,1,0,Master,Married,1278,1
134,37,23194.39,48,138.52,8.7,68.49,32.05,7.0,21.64,2,0,6,5,2,2,2,0,0,0,0,0,0,Master,Single,2565,0
135,22,22585.71,18,104.47,24.75,105.65,39.37,25.67,56.29,2,1,6,9,4,2,1,0,0,0,0,0,0,Basic,Widow,2206,0
136,49,89407.93,96,1098.06,68.84,499.81,62.69,50.99,83.44,4,2,8,6,1,0,0,0,0,1,1,0,0,Master,Married,1715,1
137,48,88294.12,36,1095.19,95.74,638.95,203.78,53.0,105.23,4,5,8,6,1,0,1,1,0,1,0,0,0,Graduation,Together,566,3
138,48,85348.36,45,1048.33,33.47,91.84,143.1,106.62,74.86,7,0,5,2,0,0,1,1,0,0,0,0,0,Graduation,Together,2904,3
139,42,93545.24,39,656.57,43.39,619.12,120.55,24.34,42.47,3,0,8,5,4,0,1,0,0,0,0,0,0,Master,Together,387,3
140,41,78181.35,9,365.89,18.29,489.16,83.36,107.31,104.85,5,1,9,6,2,0,1,0,0,1,0,1,0,Master,Divorced,1792,3
141,30,92284.19,7,1131.2,103.22,77.56,51.71,37.17,167.91,3,3,9,2,3,0,1,0,1,0,1,0,0,Basic,Together,1072,1
142,36,85715.94,53,1031.4,83.55,338.22,109.95,120.0,124.7,2,2,9,5,1,0,2,1,0,0,0,0,0,Basic,Widow,1737,3
143,25,23478.46,46,471.9,32.09,234.53,42.01,11.84,31.11,3,0,6,6,2,0,1,0,0,0,0,0,0,2n Cycle,Widow,2859,0
144,34,80305.63,60,713.66,30.71,431.01,64.32,61.32,72.25,2,2,11,3,1,0,1,1,0,1,1,0,0,2n Cycle,Together,233,3
145,27,19288.2,12,312.15,27.62,149.37,24.66,21.23,14.68,1,3,5,5,1,1,0,0,0,0,0,0,0,PhD,Married,3525,0
146,57,28261.24,84,142.07,22.05,27.31,35.24,5.35,22.21,3,1,3,6,1,2,1,0,1,0,0,1,0,Graduation,Single,539,2
147,40,33546.17,42,177.42,16.93,164.24,38.01,9.21,26.48,0,1,2,8,1,2,0,0,0,0,0,0,0,PhD,Married,1002,2
148,32,106277.49,20,815.61,58.96,507.82,95.06,97.22,110.51,3,4,3,7,1,0,0,0,0,0,0,1,0,Basic,Married,1332,3
149,45,39707.66,52,153.13,5.76,44.74,36.6,12.07,14.65,2,1,6,4,3,2,2,0,0,0,0,0,0,2n Cycle,Divorced,756,2
150,32,86955.54,49,674.25,75.67,319.75,147.34,69.79,102.85,5,3,11,5,0,1,0,1,1,1,0,0,0,2n Cycle,Divorced,1271,3
151,29,31381.76,46,364.26,23.56,255.41,30.56,29.53,43.11,2,2,4,10,3,2,2,1,1,0,0,0,0,Graduation,Together,1828,0
152,32,89443.55,41,1025.85,58.46,261.81,0.0,127.3,93.28,6,4,12,4,1,0,0,1,0,0,0,0,0,PhD,Divorced,3466,3
153,52,17693.79,69,173.44,4.47,98.33,42.09,10.27,27.76,1,1,3,6,0,2,1,0,0,0,0,0,0,Basic,Divorced,2716,2
154,42,88151.26,2,432.01,75.9,347.45,55.93,58.18,76.1,5,1,9,4,1,1,1,0,0,1,0,1,0,Basic,Together,2458,3
155,40,33600.38,93,116.85,7.78,151.1,42.06,12.56,17.23,1,0,2,4,5,1,2,0,1,0,0,0,0,Master,Married,3153,0
156,38,62786.45,95,115.11,55.08,441.81,52.79,99.42,78.13,8,3,8,3,4,1,2,0,1,0,0,1,0,PhD,Single,3497,1
157,25,84540.33,25,847.31,74.69,330.04,107.07,46.66,58.07,9,3,17,3,0,1,0,1,0,1,0,1,0,2n Cycle,Widow,2883,1
158,19,21910.42,60,351.38,31.12,132.27,0.99,16.37,51.98,2,1,5,3,0,2,0,0,0,0,1,0,1,PhD,Together,1350,2
159,38,85387.83,89,624.25,101.82,501.98,55.41,64.95,21.78,2,1,3,2,3,0,2,0,0,0,0,0,0,Graduation,Single,891,3
160,46,34624.18,50,76.66,17.89,147.26,32.71,6.87,27.04,5,0,4,4,1,1,1,0,1,0,0,0,0,2n Cycle,Widow,1196,0
161,30,16361.49,7,272.64,32.38,301.63,54.43,27.14,46.66,3,2,5,4,1,2,0,0,0,0,0,0,0,Master,Married,1177,0
162,47,27278.78,30,229.77,26.13,109.44,15.74,15.21,22.38,1,1,5,10,0,2,0,0,1,0,0,0,0,PhD,Widow,1049,0
163,34,20041.02,28,460.26,17.01,137.99,83.45,10.75,34.03,2,2,7,3,2,1,0,1,0,0,0,0,0,Master,Widow,2292,0
164,35,16563.86,14,285.72,34.33,164.13,25.78,25.76,26.58,4,1,3,8,1,0,0,0,0,0,0,0,0,Graduation,Divorced,3316,2
165,46,36724.2,4,191.6,9.86,33.44,48.93,22.23,23.8,1,0,4,5,1,1,0,0,0,0,0,0,0,Basic,Married,3619,2
166,33,44538.83,3,143.45,30.17,52.84,47.76,16.37,44.09,2,0,3,7,3,1,0,0,0,0,0,0,0,Basic,Divorced,1274,2
167,22,91436.75,17,510.73,42.72,584.32,102.32,23.58,119.35,8,10,11,11,4,1,1,1,1,1,1,0,0,Master,Married,108,1
168,22,33800.86,32,253.23,3.73,81.67,33.71,21.46,25.89,1,3,3,2,5,2,1,0,0,0,0,0,0,Basic,Together,2119,0
169,27,84856.41,83,423.79,45.61,143.82,0.0,45.66,86.27,6,6,12,4,3,1,1,1,0,0,0,1,0,PhD,Single,1879,1
170,24,81527.71,56,370.52,68.0,314.3,73.93,46.56,75.42,7,4,19,5,3,1,2,1,0,1,0,0,0,Basic,Married,3522,1
171,28,74365.9,77,1051.97,72.84,304.92,97.46,71.66,33.81,12,9,18,3,3,1,0,0,1,0,0,0,0,Master,Together,917,1
172,33,93548.49,62,709.28,77.61,345.73,169.43,39.61,88.47,6,4,12,5,2,0,0,0,0,1,0,1,0,PhD,Divorced,2208,3
173,26,94232.16,59,1217.09,60.95,141.45,64.09,52.35,139.22,7,2,12,3,3,0,1,0,0,0,1,0,0,Basic,Widow,754,1
174,42,15080.6,90,44.92,8.39,28.43,31.22,1.57,29.57,0,0,1,6,0,2,1,0,0,1,0,1,1,2n Cycle,Single,1767,2
175,28,54917.97,79,711.39,90.56,529.89,0.0,67.66,89.25,3,3,19,6,6,0,0,1,1,0,0,1,0,PhD,Single,918,1
176,23,100878.89,4,648.46,75.14,92.18,73.08,42.3,48.41,9,1,12,4,2,1,1,0,1,0,0,0,0,Master,Together,2732,1
177,27,61846.05,58,746.21,88.35,242.23,89.42,2.12,91.85,5,2,12,6,2,0,2,1,0,1,0,0,0,2n Cycle,Divorced,2061,3
178,30,64861.76,61,487.45,63.86,166.71,181.1,21.66,74.31,7,0,7,5,2,0,2,0,1,1,0,1,0,Basic,Married,1450,1
179,25,10232.96,98,238.2,6.65,119.05,8.59,14.4,23.95,2,1,6,5,1,1,0,0,0,1,0,0,1,Graduation,Married,3434,2
180,21,25352.31,84,262.98,26.1,244.74,56.1,12.92,46.39,4,2,4,3,5,2,2,0,0,0,0,0,0,Basic,Single,1254,0
181,26,87714.63,8,719.95,72.02,557.37,59.62,7.42,64.18,0,2,8,7,1,0,0,0,0,0,0,0,0,Master,Together,1361,1
182,25,36284.0,71,432.94,12.97,111.42,51.51,26.48,69.83,2,1,3,4,0,1,0,0,1,0,0,0,0,2n Cycle,Married,2718,0
183,38,63660.74,44,431.25,78.44,285.68,61.81,83.87,61.87,9,3,9,4,4,1,0,0,0,0,0,0,0,Graduation,Together,2342,3
184,18,37582.86,58,287.32,32.87,127.95,33.68,29.27,20.79,2,0,4,5,0,1,2,0,0,0,0,0,0,PhD,Widow,3348,2
185,31,25754.67,74,200.33,23.67,151.36,58.72,0.0,23.77,4,0,6,4,1,2,2,1,0,0,0,0,0,2n Cycle,Married,603,0
186,39,110514.05,37,877.22,102.82,293.6,63.0,59.92,25.0,4,0,10,6,3,0,1,0,1,0,1,0,0,Basic,Single,3588,1
187,28,109841.62,54,289.97,63.5,286.12,87.48,34.63,39.72,9,4,10,7,4,1,0,1,1,1,0,1,0,Master,Married,1616,1
188,32,63146.03,94,755.42,18.29,438.31,96.89,59.47,90.39,5,2,7,8,3,0,1,1,0,0,0,0,0,PhD,Married,2599,1
189,46,37283.96,29,193.96,18.61,109.05,25.5,7.28,11.58,1,1,3,6,4,2,1,0,0,0,0,0,0,Basic,Together,2798,2
190,22,25368.59,64,399.08,29.35,82.75,66.68,30.58,43.05,2,2,6,4,1,2,0,0,0,0,0,0,0,PhD,Single,1003,0
191,44,37469.53,92,201.31,19.25,95.66,24.81,20.11,5.25,3,1,4,6,2,2,1,0,0,0,0,0,0,2n Cycle,Single,3300,2
192,41,33241.56,96,244.74,17.82,63.21,48.99,21.87,23.91,2,0,2,2,1,1,0,0,0,0,0,0,1,2n Cycle,Together,3556,2
193,18,26269.2,14,140.41,31.58,201.26,48.97,20.68,24.68,5,1,5,5,2,2,1,0,0,0,0,0,1,2n Cycle,Together,2590,2
194,32,75289.44,94,1118.84,24.47,615.67,98.6,37.91,104.48,3,1,2,5,1,0,1,0,0,1,1,0,0,2n Cycle,Widow,3330,3
195,47,90567.76,46,756.07,73.22,371.55,163.9,88.69,58.17,0,3,8,5,2,0,2,0,0,0,0,1,0,Graduation,Divorced,3376,3
196,37,66838.45,59,506.78,56.92,296.45,81.42,30.76,120.87,7,5,4,6,4,0,0,0,1,0,1,1,0,Master,Single,2222,1
197,37,92304.03,62,225.1,57.67,62.21,157.53,30.18,55.72,6,5,15,5,1,1,1,0,1,0,0,0,0,Graduation,Single,501,1
198,46,81356.21,73,614.31,124.63,558.08,156.07,75.65,105.41,2,4,9,7,0,0,1,1,1,1,0,1,0,Basic,Together,1930,3
199,20,25932.69,42,102.92,10.05,0.0,56.42,15.14,74.5,4,5,5,5,0,2,1,1,1,0,0,0,0,2n Cycle,Divorced,1895,0
200,42,95489.44,12,1222.86,81.28,389.79,153.79,37.15,135.19,9,2,5,7,2,0,2,1,0,0,0,0,0,2n Cycle,Single,746,3
201,39,83376.24,5,383.8,65.56,112.97,106.55,68.96,150.93,3,6,7,9,1,0,1,0,0,0,0,1,0,2n Cycle,Single,422,1
202,26,19349.43,65,220.67,18.52,231.03,26.05,29.86,30.55,2,1,2,3,3,1,1,1,0,0,0,0,0,2n Cycle,Together,3509,2
203,20,24378.24,79,249.49,36.97,251.46,42.95,32.8,56.63,2,3,5,7,3,0,1,0,1,0,0,0,0,2n Cycle,Married,2465,0
204,27,29892.96,45,220.12,25.56,182.56,37.58,24.35,40.16,1,1,4,6,2,2,1,1,0,1,0,0,0,Basic,Widow,1384,0
205,33,12776.84,82,165.76,20.28,69.87,21.12,18.3,14.28,2,1,3,3,3,2,1,0,0,0,0,0,0,2n Cycle,Divorced,967,2
206,33,25248.38,38,241.03,45.59,84.58,25.66,30.04,57.88,6,1,5,5,1,0,1,1,1,0,0,1,0,Graduation,Together,3547,0
207,45,79018.16,35,1223.04,91.21,630.4,161.4,66.39,74.7,6,4,11,6,0,0,0,1,0,0,0,0,0,2n Cycle,Married,1381,3
208,49,30382.24,13,233.44,13.54,43.71,25.32,14.36,21.05,3,0,1,10,0,2,2,0,0,0,0,0,0,2n Cycle,Widow,1150,2
209,36,86027.05,50,886.7,31.88,684.54,122.9,88.6,104.24,13,2,7,4,0,1,0,1,1,1,0,0,0,PhD,Single,537,1
210,37,25570.72,80,222.46,15.56,107.78,41.8,24.16,25.07,3,2,2,7,0,1,2,0,0,0,0,0,0,Master,Divorced,2967,2
211,52,88252.05,10,313.41,102.65,581.63,135.6,50.15,63.08,8,1,2,6,2,0,1,1,0,0,0,1,0,2n Cycle,Divorced,495,3
212,52,93903.03,14,526.65,57.11,573.92,97.67,55.4,132.11,9,2,4,4,2,0,2,1,1,1,0,0,0,PhD,Divorced,842,3
213,32,18050.02,65,191.14,15.01,102.9,23.42,19.53,22.79,1,0,3,4,3,2,1,0,0,0,0,0,0,Graduation,Divorced,429,2
214,55,13242.16,84,210.82,13.83,116.8,21.83,12.62,20.66,2,0,5,5,1,2,0,0,0,0,0,0,0,Master,Single,1743,0
215,31,29810.12,74,312.99,7.1,11.0,30.73,28.58,40.91,7,1,3,4,3,2,0,0,0,1,0,0,0,Master,Married,2079,0
216,31,108776.33,68,540.91,60.13,464.57,123.54,71.29,65.56,7,8,13,1,5,1,1,1,1,1,0,0,0,Master,Together,1146,1
217,27,22239.64,10,231.88,17.81,152.62,11.26,24.96,43.11,6,0,10,4,1,1,0,0,0,1,1,1,0,Basic,Divorced,1640,0
218,45,71406.4,56,1155.19,35.87,339.35,171.69,74.71,96.21,5,3,9,8,1,0,2,1,0,0,0,1,0,Graduation,Widow,721,3
219,38,31657.8,68,174.11,7.27,28.89,24.66,17.54,18.03,2,1,4,5,0,2,2,1,0,0,0,0,0,Master,Divorced,2903,2
220,28,25116.8,98,314.98,32.69,14.69,24.86,23.67,45.67,4,0,5,4,1,1,1,1,0,0,0,0,0,Graduation,Together,2397,2
221,41,122023.75,29,488.03,49.23,19.38,82.65,33.29,77.17,10,2,8,12,1,1,1,1,1,0,1,0,0,Graduation,Widow,3436,1
222,31,35748.87,98,337.85,24.27,18.95,51.1,29.4,29.07,5,5,9,2,1,1,0,1,0,0,0,0,0,Master,Together,1189,0
223,45,18123.34,85,183.63,19.58,61.24,34.6,6.56,19.46,0,2,3,3,2,1,0,0,0,0,0,0,1,Graduation,Divorced,1449,2
224,27,95555.55,4,0.0,88.95,488.28,71.82,70.76,101.18,7,2,10,4,2,0,2,0,0,1,0,0,0,2n Cycle,Married,891,1
225,40,30304.05,4,101.96,24.98,131.62,26.29,15.05,21.88,1,1,0,2,1,1,1,0,0,0,0,0,1,2n Cycle,Single,3519,2
226,47,113465.87,97,990.57,53.07,458.59,137.62,35.73,62.8,6,4,11,6,2,0,0,0,0,0,0,0,0,Master,Single,286,1
227,19,25212.44,12,117.91,42.92,151.06,67.32,12.95,35.06,5,1,3,7,2,1,0,0,1,0,0,0,0,Graduation,Single,1717,0
228,35,70591.22,77,512.38,96.53,115.87,100.76,58.02,53.15,3,2,17,6,2,0,0,1,1,1,0,0,0,2n Cycle,Together,1610,1
229,55,27543.58,92,242.6,16.53,89.9,44.71,9.37,28.01,1,1,2,7,4,2,2,0,0,0,0,0,0,2n Cycle,Together,857,2
230,27,32351.57,9,261.48,22.84,155.45,35.11,37.0,16.39,6,1,6,3,2,2,1,0,0,0,0,0,0,Basic,Single,1805,0
231,45,84296.18,23,759.18,3.17,388.46,4.23,81.52,50.48,7,2,17,2,2,0,0,1,1,0,1,0,0,Master,Widow,1688,1
232,46,30634.28,73,100.11,1.49,31.25,16.46,10.12,26.33,2,2,4,3,7,2,1,0,0,0,0,0,0,Graduation,Single,1036,2
233,31,70766.28,17,796.15,53.95,458.56,92.52,40.91,75.12,7,3,12,1,4,1,2,1,0,1,0,1,0,Master,Widow,1941,1
234,24,25035.85,57,246.39,10.06,200.78,56.18,14.01,44.14,2,1,6,6,1,0,1,0,0,0,0,0,0,PhD,Single,2064,0
235,33,73146.21,74,585.04,87.89,0.0,166.66,68.12,121.72,3,2,3,5,5,0,2,1,0,1,1,0,0,Graduation,Single,1463,3
236,56,95945.57,83,1156.3,85.57,845.96,96.56,99.34,48.31,6,2,8,8,1,0,1,0,1,0,1,0,0,PhD,Divorced,731,3
237,43,76533.51,91,698.96,54.97,263.91,123.75,75.8,46.49,6,1,7,2,0,0,1,0,0,0,0,1,0,2n Cycle,Divorced,245,3
238,50,20072.5,47,219.29,23.5,13.76,20.59,1.93,15.55,0,0,2,4,1,1,1,0,0,0,0,0,0,2n Cycle,Married,1333,2
239,43,63190.69,28,889.12,115.08,569.58,94.14,79.46,126.26,1,2,12,6,1,0,1,0,0,0,0,1,0,Master,Married,2395,3
240,45,105574.44,1,551.05,61.91,129.78,128.33,27.83,52.93,5,3,16,4,0,1,1,1,1,1,0,0,0,2n Cycle,Widow,1569,1
241,54,100389.58,58,459.56,69.13,455.02,45.16,75.87,79.37,5,2,6,5,2,0,0,0,0,0,0,0,0,2n Cycle,Together,214,3
242,30,81636.91,26,833.2,82.13,397.31,38.43,69.51,59.12,2,2,13,3,3,0,1,0,0,0,0,0,0,Basic,Widow,349,1
243,26,19858.17,81,367.4,18.16,341.99,54.14,22.35,52.68,2,2,4,1,0,1,2,0,0,0,0,0,0,PhD,Together,317,2
244,52,28228.29,35,260.17,10.63,100.3,31.97,11.91,18.52,1,2,3,5,0,1,0,0,0,0,0,0,0,Master,Single,2904,0
245,30,73052.15,54,473.52,45.41,411.18,105.96,48.27,61.83,6,7,11,4,5,1,1,0,0,1,0,0,0,Master,Divorced,163,1
246,41,78073.23,21,991.08,93.69,284.97,131.13,121.56,95.0,7,3,6,5,3,0,0,0,1,0,0,0,0,Master,Married,2258,1
247,34,69865.24,66,471.79,34.72,275.26,66.8,57.48,29.82,6,4,17,3,4,1,0,1,0,1,0,1,0,2n Cycle,Divorced,2925,1
248,39,97499.95,1,970.7,87.93,530.95,111.85,71.32,52.65,3,2,9,6,4,0,0,1,0,0,1,1,0,Basic,Single,1896,1
249,35,99701.44,72,747.79,65.56,698.31,39.56,103.82,75.81,2,3,6,5,2,0,1,0,1,1,0,1,0,PhD,Divorced,1170,3
250,30,64600.26,18,444.19,21.87,167.35,69.85,63.25,82.39,4,6,10,2,0,0,1,0,0,1,0,0,0,PhD,Widow,3072,1
251,53,88909.65,64,1121.43,35.96,471.97,42.49,46.34,157.89,5,1,9,6,6,0,2,0,0,0,0,1,0,PhD,Divorced,1503,3
252,71,39650.45,83,236.61,12.95,81.11,0.79,15.08,27.46,0,1,3,3,3,1,1,0,0,0,1,0,0,Graduation,Divorced,2911,2
253,37,31564.67,8,142.74,22.65,0.0,1.14,17.25,25.56,2,0,1,5,3,2,1,0,0,1,0,0,0,Basic,Single,2536,0
254,57,23975.37,93,190.34,14.64,57.4,30.64,15.99,32.94,3,0,2,4,4,2,1,0,0,0,0,0,0,PhD,Single,948,2
255,35,81130.7,36,969.24,58.1,526.15,49.97,57.66,32.74,6,1,11,4,1,0,0,1,0,1,1,0,0,Graduation,Divorced,3302,3
256,37,81608.63,83,985.1,67.56,315.78,97.53,84.66,102.6,9,3,11,9,3,1,0,0,1,1,1,0,0,2n Cycle,Single,1711,1
257,26,20350.21,29,234.81,29.32,181.7,45.42,37.71,10.61,3,1,9,5,3,0,1,0,1,0,0,0,0,2n Cycle,Single,2117,0
258,32,25893.1,25,264.21,12.43,30.51,41.87,9.65,25.58,2,1,4,4,1,2,2,0,0,0,0,0,0,Graduation,Divorced,724,2
259,46,31089.68,99,183.83,18.61,97.66,12.54,0.0,38.3,2,0,3,2,3,2,2,0,0,0,0,0,1,Master,Widow,1558,2
260,40,82189.19,58,646.69,64.38,478.6,84.35,73.64,96.49,8,3,6,4,0,0,0,1,0,0,0,0,0,2n Cycle,Divorced,2061,3
261,22,21621.7,59,310.85,36.38,230.21,73.08,39.24,20.13,5,0,7,3,1,1,0,0,0,0,0,0,0,Master,Divorced,2172,0
262,40,111146.82,2,685.67,59.78,480.95,64.81,70.69,60.13,4,5,11,7,1,1,0,0,0,1,0,1,0,PhD,Widow,1350,1
263,44,71110.43,59,464.04,42.13,539.66,12.73,52.44,61.35,5,0,4,2,1,0,0,1,0,1,0,1,0,Master,Single,1042,1
264,33,55112.59,85,673.94,81.12,531.93,153.74,62.93,98.18,6,3,9,3,1,0,0,1,0,1,0,1,0,Graduation,Widow,1235,3
265,47,85894.06,3,343.29,70.71,555.0,110.35,67.44,39.68,11,8,8,7,4,0,0,0,1,1,1,1,0,2n Cycle,Divorced,2142,3
266,40,28604.57,51,169.66,24.87,124.2,17.68,12.88,26.77,4,2,2,8,4,2,2,0,1,0,0,0,0,Basic,Widow,1668,0
267,31,29796.49,63,98.04,5.72,13.35,13.21,20.66,24.16,2,1,2,1,0,1,1,0,0,0,0,0,0,Graduation,Single,3511,2
268,28,94805.86,79,720.21,96.7,249.62,63.31,61.38,93.75,6,3,9,4,4,0,1,1,1,0,1,1,0,2n Cycle,Widow,3402,1
269,19,29851.96,50,211.96,36.43,83.88,17.81,29.77,31.72,6,1,2,5,2,0,2,0,0,0,1,0,0,PhD,Divorced,1616,2
270,34,86098.23,29,1004.71,51.69,0.0,76.96,40.04,113.31,11,6,12,10,1,1,0,1,0,0,0,0,0,Graduation,Together,495,1
271,36,91778.19,3,897.0,53.09,506.31,118.27,43.33,59.05,8,2,9,4,4,1,0,0,0,1,0,0,0,Basic,Single,461,1
272,51,89172.11,34,721.22,31.21,27.68,56.72,81.36,100.5,7,0,8,11,0,0,2,0,0,1,0,0,0,Master,Married,1169,1
273,51,20050.12,36,217.9,19.52,146.13,32.86,16.36,18.19,1,1,2,4,3,2,0,0,0,0,0,0,0,Basic,Together,109,2
274,33,78658.79,21,464.23,65.76,481.08,69.45,68.06,55.06,7,1,13,6,2,0,2,0,0,1,0,0,0,PhD,Divorced,191,3
275,30,23377.48,36,456.46,15.57,36.25,55.52,14.63,54.76,2,2,7,7,1,2,0,0,0,0,0,0,0,Master,Together,3022,0
276,46,97295.61,21,908.91,72.86,627.97,69.31,43.49,1.96,10,1,10,5,3,0,0,0,1,1,1,0,0,2n Cycle,Married,2264,1
277,34,92399.18,44,98.77,77.51,611.6,108.27,88.75,83.58,3,2,9,5,1,0,0,0,0,0,0,1,0,Master,Single,3101,1
278,25,29087.65,74,354.29,18.3,197.03,33.56,21.59,47.93,3,3,5,1,3,2,0,1,0,0,0,0,0,Basic,Single,2209,0
279,44,77232.95,83,1049.43,141.79,0.0,19.08,52.41,143.34,12,2,8,6,2,0,0,0,1,1,1,0,0,Basic,Married,596,1
280,44,20846.42,7,28.98,13.97,85.15,18.63,12.95,23.66,1,0,4,5,2,1,2,0,0,0,0,0,0,Basic,Divorced,746,2
281,24,16936.94,18,272.36,20.52,207.72,46.44,12.64,32.29,1,1,5,4,2,1,2,0,0,0,0,0,0,PhD,Married,657,0
282,37,36286.17,65,229.34,13.69,171.75,22.19,17.26,6.55,3,1,1,5,5,1,0,0,0,1,0,0,0,2n Cycle,Single,560,0
283,48,98579.68,85,1527.08,78.2,197.53,148.41,75.06,105.55,6,3,11,4,2,0,1,0,0,1,0,0,0,Basic,Divorced,2561,3
284,32,78511.29,14,805.68,44.47,150.5,51.64,36.42,65.33,3,5,10,6,3,0,2,0,0,1,1,0,0,Basic,Married,1968,1
285,51,88423.16,71,256.14,37.94,552.85,119.73,110.23,86.43,3,1,8,7,3,0,0,0,0,1,0,0,0,2n Cycle,Divorced,1409,3
286,18,23668.75,89,348.8,28.89,130.37,27.44,18.98,53.35,0,0,4,5,0,1,1,0,0,0,0,0,0,Graduation,Widow,3220,2
287,27,65232.23,53,712.47,43.51,430.91,97.96,35.8,41.59,8,4,9,4,3,1,0,1,0,1,0,0,0,PhD,Single,495,1
288,46,90256.82,28,471.98,53.27,368.76,64.52,40.49,53.36,10,3,9,4,8,0,1,1,1,1,0,1,0,2n Cycle,Married,3340,1
289,33,91735.0,67,855.21,57.37,226.29,113.97,76.02,67.54,10,3,6,4,3,0,0,0,0,0,0,0,0,Graduation,Single,1403,3
290,35,32190.19,83,57.5,7.94,96.3,24.62,18.99,23.03,2,0,7,9,3,1,0,0,0,0,0,1,0,Graduation,Single,3573,2
291,46,6878.16,11,94.09,4.35,67.03,12.95,8.36,17.74,4,1,3,5,2,1,1,0,0,0,0,0,0,2n Cycle,Divorced,215,2
292,45,34840.63,90,207.72,7.2,74.94,35.31,4.34,9.4,1,1,3,2,4,1,2,0,0,0,0,0,0,PhD,Single,2788,2
293,28,34829.02,50,329.38,21.51,246.25,69.76,23.97,45.22,6,1,8,6,1,2,0,0,0,0,0,0,0,Graduation,Widow,1212,0
294,27,88894.84,53,994.25,82.99,470.57,86.44,21.55,75.86,11,4,12,5,2,1,1,1,1,0,1,0,0,Graduation,Together,1549,1
295,43,74302.9,82,359.77,40.62,709.49,67.77,77.46,71.93,6,1,12,5,3,1,0,0,1,0,1,0,0,2n Cycle,Divorced,2551,3
296,35,98340.24,7,1049.38,78.24,458.65,159.51,69.18,83.08,4,4,6,5,1,1,2,1,0,0,0,1,0,PhD,Widow,2364,3
297,33,15981.3,60,286.32,18.15,64.57,10.34,13.8,25.72,0,1,2,4,4,2,2,0,1,0,0,0,0,PhD,Married,2207,0
298,31,78730.57,64,731.36,106.68,530.47,50.57,14.82,92.8,5,5,9,7,0,0,0,1,1,1,0,0,0,Master,Single,2694,1
299,48,79507.97,32,663.48,97.3,449.62,140.72,119.53,142.98,6,2,7,4,2,0,1,1,0,0,0,0,0,Basic,Divorced,3115,3
300,36,95474.2,6,818.78,156.63,37.4,66.22,71.53,105.96,8,2,6,4,3,0,2,0,0,0,0,0,0,Master,Widow,1119,1
301,28,32199.32,88,293.24,18.19,168.0,47.95,21.42,21.66,4,0,2,7,1,0,1,0,0,0,1,0,0,Basic,Divorced,369,2
302,39,88973.26,77,524.71,78.97,506.43,86.69,20.34,94.33,6,9,10,5,1,1,0,1,0,1,1,1,0,Graduation,Together,1263,3
303,29,98338.59,81,521.57,60.52,69.76,98.91,39.24,21.58,5,4,15,6,3,1,0,0,1,1,0,0,0,Master,Married,1465,1
304,26,94587.07,82,598.49,58.15,527.71,150.44,72.84,40.38,7,2,11,5,2,0,0,1,0,1,1,0,0,2n Cycle,Single,595,1
305,47,26120.96,3,227.62,19.96,88.23,16.39,10.15,22.92,0,0,6,7,1,2,0,0,0,0,0,0,0,Master,Widow,55,0
306,37,27063.23,64,118.59,12.71,107.5,26.39,4.04,5.67,2,2,4,6,3,2,1,0,0,0,0,0,0,PhD,Single,2478,2
307,24,95104.14,53,593.04,52.94,511.09,134.53,47.0,59.72,8,4,8,1,2,1,1,1,0,1,0,0,0,2n Cycle,Together,1138,1
308,22,24742.19,34,291.66,38.01,129.25,37.82,18.18,30.35,2,3,2,4,1,2,1,0,1,0,0,0,0,Master,Together,2361,0
309,51,26892.74,16,216.0,14.84,75.25,2.0,7.83,15.19,2,1,1,6,2,2,2,0,0,0,0,0,0,Graduation,Together,466,2
310,36,14859.9,71,239.91,23.98,141.58,43.53,29.02,16.73,0,2,5,6,0,1,1,0,0,1,0,0,0,Graduation,Single,2083,2
311,21,36283.9,20,269.93,13.43,232.86,18.15,9.61,27.39,5,3,4,2,1,0,0,0,0,0,1,0,0,2n Cycle,Divorced,1671,2
312,24,31644.39,42,545.84,13.57,138.86,42.96,26.32,36.77,4,1,3,6,2,1,2,0,0,0,0,0,0,PhD,Divorced,2087,2
313,24,28762.16,86,246.1,22.69,140.71,44.84,31.19,36.06,2,2,11,2,2,1,1,1,0,0,0,0,0,Graduation,Divorced,2770,2
314,29,32220.4,41,249.02,38.63,87.47,52.81,8.85,36.97,4,1,7,3,1,2,0,0,0,0,0,0,0,Graduation,Divorced,2530,2
315,40,27164.0,94,667.53,53.61,293.8,47.23,47.87,71.75,8,1,13,4,2,1,1,0,1,1,1,1,0,Basic,Widow,2445,1
316,27,109811.01,12,892.25,77.99,570.0,12.97,73.98,95.85,4,3,8,7,0,1,2,0,1,0,1,0,0,Basic,Together,2939,3
317,36,124946.57,4,1158.69,74.18,739.45,84.45,36.99,150.25,2,4,8,9,0,0,0,0,0,0,1,0,0,Master,Together,3525,3
318,39,95383.87,79,417.02,60.25,496.58,128.94,67.68,44.24,4,10,15,5,2,0,1,1,1,0,0,1,0,Basic,Widow,3554,1
319,33,23536.83,35,213.61,28.45,217.62,21.95,29.1,48.0,6,2,4,9,0,2,1,0,0,0,0,0,0,2n Cycle,Divorced,270,2
320,49,79603.29,22,318.82,86.46,430.3,97.53,78.65,136.39,3,2,11,6,0,0,0,0,0,0,0,0,0,PhD,Married,1067,3
321,26,95540.15,39,1108.31,89.32,587.2,91.83,77.11,131.14,5,1,11,2,0,0,0,0,0,0,0,1,0,Graduation,Together,3198,3
322,46,86625.52,52,246.58,85.99,246.76,252.69,72.89,57.38,4,2,10,4,2,0,0,1,0,1,0,0,0,2n Cycle,Single,2782,3
323,27,67594.79,19,923.38,56.08,333.71,62.45,73.36,66.95,11,4,11,3,1,1,1,1,1,1,0,0,0,Basic,Widow,2134,1
324,30,25880.24,87,351.9,14.63,174.4,61.01,17.15,35.2,3,0,5,6,1,2,0,0,0,0,1,1,1,PhD,Divorced,1347,2
325,31,30004.38,80,258.75,17.8,45.97,3.69,13.37,15.68,1,0,2,6,0,2,1,0,0,0,0,0,0,Basic,Single,3208,2
326,26,18828.24,25,305.17,18.62,187.92,58.75,33.49,28.06,4,3,3,3,1,0,2,0,0,0,0,0,0,Graduation,Single,413,2
327,24,77121.86,50,477.78,57.27,285.89,125.53,49.41,18.54,4,3,15,6,5,0,0,1,0,1,1,0,0,Basic,Together,2396,1
328,38,100647.6,47,421.7,47.32,287.17,70.47,61.57,119.12,8,3,14,7,1,0,1,0,0,1,1,0,0,PhD,Divorced,2699,3
329,29,25854.66,90,326.62,16.59,245.03,17.02,17.76,26.76,1,2,6,11,5,2,0,0,0,1,0,0,0,2n Cycle,Married,3093,0
330,45,81690.94,38,1178.13,106.62,856.79,41.99,20.4,173.63,3,1,6,2,1,0,1,1,1,0,1,0,0,Graduation,Together,2092,3
331,30,32819.53,47,540.65,39.6,198.46,26.56,19.11,19.31,6,2,6,4,3,2,1,0,0,0,1,0,0,PhD,Married,471,0
332,25,75619.02,68,557.49,51.56,97.01,158.44,32.41,31.88,3,5,9,3,2,1,0,1,1,0,0,0,0,Graduation,Together,156,1
333,30,31718.53,76,487.74,25.85,167.2,41.1,15.57,31.84,5,1,4,3,3,1,0,0,0,0,0,0,0,2n Cycle,Together,2643,2
334,36,16636.31,51,300.32,32.5,98.2,41.58,21.6,68.65,2,3,6,4,1,1,0,0,0,0,0,0,0,PhD,Together,306,2
335,45,72869.39,25,494.22,28.17,409.16,209.96,85.27,23.77,9,4,8,5,3,0,1,1,0,1,0,0,0,Basic,Widow,3078,1
336,40,76833.72,33,502.74,51.74,72.57,122.97,20.2,113.12,9,3,7,8,1,1,2,1,0,1,1,0,0,Graduation,Together,774,3
337,21,22551.2,80,520.48,25.22,101.85,41.75,18.57,21.61,4,5,5,3,0,0,0,1,0,0,0,0,0,PhD,Divorced,932,0
338,33,31883.55,52,388.92,18.57,276.29,43.12,14.34,39.85,1,1,3,2,1,0,0,0,1,0,0,1,0,Basic,Widow,563,0
339,51,37102.5,98,193.42,14.03,46.95,32.53,5.18,12.63,2,0,6,2,2,1,1,0,1,0,0,0,0,Basic,Together,654,2
340,28,17972.53,15,352.98,31.05,130.92,33.5,22.29,23.83,3,5,2,8,1,0,0,0,0,0,0,0,0,PhD,Together,1837,2
341,18,68253.72,41,906.03,27.5,462.8,78.81,53.43,95.6,10,2,19,7,1,1,0,0,1,1,0,0,0,2n Cycle,Divorced,1130,1
342,34,86032.75,87,783.84,66.0,406.26,102.08,60.98,78.76,7,5,14,6,3,1,0,1,1,1,1,0,0,Basic,Divorced,2955,1
343,41,85012.43,32,293.3,113.92,432.61,129.01,46.74,114.05,5,4,9,0,0,0,0,0,0,0,0,0,1,2n Cycle,Together,2585,3
344,59,78791.83,61,779.61,94.65,472.83,156.68,85.26,122.51,7,4,5,6,1,0,2,0,0,1,0,1,0,PhD,Widow,1870,3
345,43,89883.31,31,808.09,74.53,412.43,143.88,20.74,67.99,9,6,13,4,0,1,0,0,1,0,1,0,0,PhD,Widow,2251,1
346,29,64095.46,26,813.83,62.27,405.44,118.3,63.96,84.85,4,6,6,6,2,0,2,0,1,1,0,0,0,PhD,Widow,1372,1
347,25,14136.7,66,427.63,38.36,1.75,52.44,7.09,24.77,1,1,4,0,2,0,2,1,0,0,0,0,0,Graduation,Single,2728,2
348,45,37204.2,42,169.27,11.08,44.09,22.41,8.21,13.42,6,2,1,6,2,1,1,1,0,0,0,0,0,Master,Married,3257,0
349,42,78133.36,37,737.25,65.47,486.52,208.87,52.38,72.22,1,2,4,3,3,0,1,0,0,1,1,1,0,PhD,Divorced,2673,3
350,45,9420.08,88,99.7,26.99,176.29,28.97,10.54,12.35,0,1,2,5,2,1,2,0,1,0,0,0,0,Graduation,Single,1026,2
351,35,63529.21,12,80.5,87.43,0.0,0.0,43.14,62.98,6,2,10,8,3,0,1,0,0,0,1,0,0,Graduation,Widow,1520,1
352,35,71407.58,35,1028.34,40.42,166.0,68.86,66.05,166.59,7,5,8,6,3,1,0,1,0,1,0,1,0,PhD,Widow,3147,1
353,48,23703.3,31,359.51,36.25,136.41,14.69,11.3,8.63,3,2,1,5,4,1,1,0,0,0,0,0,0,Basic,Together,2278,2
354,36,86438.28,32,1014.55,86.18,747.32,68.38,80.04,48.92,10,4,5,9,4,0,1,0,0,0,0,0,0,PhD,Widow,1151,3
355,33,57901.4,53,330.3,66.34,217.1,70.74,40.2,84.5,2,1,16,1,3,1,2,1,1,1,1,0,0,Master,Married,166,1
356,42,80807.29,39,806.85,84.62,163.33,112.33,85.01,132.36,6,1,9,6,4,0,0,1,0,0,0,0,0,Basic,Single,1221,1
357,28,88732.56,1,528.58,66.62,458.33,0.0,73.94,48.64,6,5,15,5,4,1,1,1,1,0,0,1,0,PhD,Married,598,1
358,41,84230.28,37,764.02,76.13,544.48,117.36,27.1,76.72,6,4,5,3,3,1,2,0,0,0,0,0,0,Graduation,Single,1567,3
359,29,90724.58,13,284.98,58.02,516.54,105.16,57.53,91.06,6,3,14,6,4,0,0,1,1,0,0,0,0,Master,Together,128,1
360,44,102153.28,16,919.4,136.32,389.86,99.69,52.84,127.69,4,1,7,0,2,0,0,0,0,0,0,0,0,PhD,Single,2834,3
361,24,95764.49,33,632.02,67.66,282.89,2.22,69.29,21.51,8,4,8,6,1,0,2,1,0,0,1,0,0,PhD,Divorced,1695,3
362,18,25712.79,15,239.56,13.5,243.4,38.53,13.73,33.74,5,2,2,4,0,2,0,0,0,0,0,0,0,PhD,Married,3460,0
363,54,89804.73,31,961.05,64.25,622.74,149.62,110.86,54.57,7,4,2,1,6,0,2,1,1,0,1,0,0,2n Cycle,Together,3076,3
364,39,64628.52,40,559.46,81.36,266.05,21.37,22.58,55.91,11,4,15,2,2,1,0,1,0,0,1,0,0,Master,Married,756,1
365,49,91987.77,26,1074.56,108.76,482.59,155.29,95.45,101.29,2,2,8,9,4,0,2,1,0,1,0,0,0,Basic,Widow,1104,3
366,37,88837.63,94,1477.46,75.46,652.94,0.0,28.59,105.17,4,6,4,5,1,0,1,0,0,0,0,0,0,PhD,Together,1078,3
367,28,12716.97,21,130.12,17.12,76.81,36.57,2.57,23.18,1,1,3,7,2,2,1,0,0,0,0,0,0,2n Cycle,Single,1120,0
368,32,86930.56,46,1228.81,23.92,445.25,110.97,93.4,91.09,5,4,6,5,2,0,1,1,1,0,0,0,0,2n Cycle,Divorced,2602,3
369,35,70296.17,83,563.45,45.08,283.91,31.7,60.3,74.42,8,4,16,3,2,0,2,0,0,0,0,0,0,PhD,Married,3269,1
370,34,31016.01,92,188.4,10.25,59.32,5.29,4.18,49.82,2,2,3,5,2,1,0,0,1,0,0,0,0,Master,Single,2635,0
371,35,88810.22,96,732.9,152.49,173.36,239.17,22.65,82.88,2,1,8,10,4,0,0,0,0,0,0,0,0,Graduation,Together,1198,3
372,24,27761.16,86,339.94,20.52,223.94,21.37,6.45,11.0,4,0,6,3,1,1,0,0,0,1,0,0,0,Graduation,Widow,3217,0
373,43,77219.02,62,826.05,117.2,189.99,166.91,103.1,121.36,5,2,11,3,0,0,2,0,0,0,0,0,0,PhD,Single,2273,3
374,44,99658.85,67,761.74,26.78,81.72,34.91,86.9,64.23,8,2,7,8,2,0,1,0,1,0,0,1,0,PhD,Married,2440,1
375,54,103202.93,69,1012.54,44.63,549.79,45.11,114.2,80.62,5,3,12,6,0,0,1,0,0,0,0,0,0,PhD,Together,1743,3
376,20,29165.58,55,413.95,36.57,159.0,32.67,23.32,22.46,1,0,5,5,0,0,1,1,1,0,0,0,0,PhD,Divorced,1065,2
377,35,100007.16,30,347.74,45.71,192.64,70.09,0.0,68.13,10,5,10,2,3,0,1,1,0,0,1,0,0,Basic,Widow,2815,1
378,54,113108.65,4,587.85,54.13,502.91,69.42,77.38,97.68,5,3,5,8,4,0,0,1,0,0,0,0,0,Graduation,Widow,3257,3
379,30,27942.39,8,251.2,13.03,79.75,21.69,14.03,14.7,3,1,2,7,1,1,1,0,0,0,0,0,0,Master,Together,1215,0
380,36,22326.34,76,233.17,11.1,73.38,13.73,13.71,7.0,4,1,1,3,2,2,2,1,0,0,0,0,0,2n Cycle,Together,3028,2
381,36,108245.7,40,1016.8,10.6,780.05,49.04,58.67,151.0,11,3,2,4,3,0,1,0,0,0,0,0,0,Basic,Widow,314,3
382,48,82369.89,96,761.43,58.13,308.98,94.26,48.93,137.07,3,1,13,7,3,0,2,0,1,0,0,1,0,PhD,Single,2014,3
383,28,31469.61,52,122.67,0.0,74.86,20.35,13.58,11.41,2,1,3,5,3,1,1,0,0,0,1,0,0,Master,Single,1875,0
384,59,78923.79,50,984.28,56.53,619.61,142.87,102.12,122.82,7,2,9,5,2,0,1,1,1,0,1,0,0,2n Cycle,Divorced,963,3
385,60,84699.38,81,658.41,89.8,555.64,40.9,92.34,107.73,6,2,6,1,2,0,0,1,0,0,0,0,0,Master,Single,1576,3
386,44,40208.19,21,165.56,11.15,152.2,3.93,25.1,13.54,3,2,4,5,2,2,0,0,0,0,0,0,0,Basic,Single,1457,0
387,22,27918.37,87,149.57,13.44,100.67,48.09,30.95,19.84,4,4,3,7,3,0,1,0,0,0,0,1,0,Master,Married,1261,0
388,33,62513.25,71,777.0,84.51,205.29,199.57,61.23,0.0,13,7,14,5,2,0,0,0,1,1,0,0,0,Basic,Married,562,1
389,45,40159.8,86,291.22,19.48,0.0,11.26,11.63,26.57,2,0,1,4,1,1,1,1,0,0,0,0,0,Master,Single,2453,0
390,45,11542.16,62,226.41,8.04,184.98,30.45,8.39,27.35,3,0,6,8,2,2,2,0,0,0,0,0,0,Basic,Married,656,0
391,47,88889.14,87,276.66,105.72,647.55,191.97,30.37,154.22,6,1,7,3,2,0,2,0,0,0,0,0,0,Master,Married,1570,3
392,43,82083.99,65,1250.31,74.32,566.52,81.61,47.81,117.11,6,6,6,7,3,0,2,0,0,0,0,1,1,PhD,Married,1012,3
393,25,16400.04,75,444.71,1.66,150.56,40.8,10.3,13.17,2,3,7,6,3,1,0,0,1,1,1,0,0,Graduation,Married,94,0
394,44,91872.62,63,1106.05,96.32,272.93,142.19,41.26,49.03,9,6,7,5,3,0,2,0,0,1,0,0,0,Master,Married,2012,1
395,22,13415.93,75,164.01,17.19,168.83,30.9,14.94,45.71,3,1,5,3,1,0,1,1,0,0,0,0,0,Basic,Divorced,3450,2
396,35,103331.98,19,857.82,126.57,164.37,165.88,25.82,17.16,8,3,9,6,2,0,2,0,1,0,0,0,0,Graduation,Single,3431,3
397,44,65373.72,94,636.36,11.19,311.98,30.12,37.55,97.73,7,4,7,5,3,1,1,1,0,1,0,0,0,Basic,Widow,1301,1
398,34,88228.22,56,709.77,70.78,200.03,73.21,75.57,49.47,10,5,12,8,4,0,0,1,0,1,1,0,0,PhD,Married,2178,1
399,36,20940.84,5,280.32,9.64,48.22,24.43,7.24,37.63,3,0,4,2,2,1,2,0,0,0,0,0,0,Basic,Married,2875,0
400,50,18642.2,35,128.28,13.51,34.57,23.71,7.93,29.02,5,0,4,3,2,2,0,1,0,0,1,0,0,Master,Single,2024,0
401,37,76221.9,30,651.71,56.99,352.89,107.09,92.39,99.28,4,2,8,4,1,0,0,0,0,0,0,0,0,Basic,Divorced,2072,3
402,30,76986.69,68,547.11,55.21,230.86,75.43,47.01,104.77,6,6,12,6,1,1,1,1,1,1,0,0,0,Master,Widow,436,1
403,29,30437.06,83,271.85,41.27,237.56,53.3,18.92,56.63,4,1,6,8,0,0,2,0,0,0,0,0,0,Master,Married,3012,0
404,27,27244.2,58,304.62,28.13,104.36,21.3,35.11,56.19,3,1,4,4,4,1,0,0,0,0,1,0,0,Master,Married,1221,0
405,21,21871.52,54,304.12,30.82,90.64,42.95,17.8,56.81,4,4,5,6,2,0,1,0,1,0,1,1,0,Graduation,Together,3163,0
406,27,26800.39,60,234.44,10.32,69.75,29.66,33.4,34.69,2,1,6,4,1,2,0,0,0,0,0,0,0,PhD,Together,3200,2
407,40,27103.73,12,227.14,17.75,30.19,16.68,21.87,11.69,1,0,4,7,2,2,0,0,0,0,0,0,0,Master,Widow,2066,0
408,32,85220.68,42,687.18,33.03,100.02,76.61,38.37,101.28,1,2,8,9,1,0,2,0,0,1,1,0,0,Graduation,Together,3508,3
409,38,81277.83,25,906.72,52.51,802.36,64.51,27.8,180.65,8,2,8,6,3,0,1,1,0,1,0,0,0,PhD,Divorced,1865,3
410,23,35570.09,44,399.21,45.85,164.44,32.31,17.01,62.99,1,1,4,6,1,0,1,0,1,0,0,0,0,PhD,Together,3645,2
411,22,23411.27,31,139.86,30.97,121.44,39.37,35.01,42.52,6,2,4,4,4,1,0,0,0,0,0,0,0,Basic,Single,2181,0
412,37,21182.09,41,97.48,8.39,31.81,30.33,21.01,13.64,3,1,5,2,6,1,0,0,0,0,0,0,0,Master,Divorced,1408,0
413,60,42459.19,62,205.16,14.03,118.56,19.18,14.34,26.56,1,3,2,4,1,2,2,0,0,1,0,0,0,Basic,Divorced,1119,2
414,42,92115.35,55,552.94,74.72,194.81,90.03,63.48,113.45,5,6,10,7,3,1,2,0,1,0,0,1,0,2n Cycle,Widow,3479,1
415,42,21942.92,39,252.15,13.52,39.71,24.17,13.25,24.14,4,1,2,3,5,2,0,0,0,0,0,0,0,Graduation,Single,3524,2
416,21,27284.89,65,84.41,17.4,104.08,37.71,20.89,42.43,4,1,7,4,1,1,0,0,0,0,0,0,0,Graduation,Together,912,2
417,18,38097.88,71,439.69,22.29,191.62,44.66,15.51,28.99,1,2,6,6,3,2,0,0,0,0,1,0,0,Master,Widow,3516,0
418,45,27643.46,91,150.96,3.67,17.05,38.91,20.39,35.31,3,0,6,4,2,2,2,0,0,1,0,0,1,Graduation,Divorced,1465,2
419,25,42794.0,77,386.36,23.93,207.12,24.02,9.4,43.39,5,1,3,2,1,1,1,0,1,1,0,0,0,2n Cycle,Married,156,0
420,30,59393.37,31,573.5,13.87,77.97,71.53,69.54,70.05,10,1,12,7,3,0,2,1,1,0,0,1,0,Basic,Widow,1614,1
421,34,82719.47,93,786.54,81.46,483.5,94.8,48.24,76.32,7,1,8,6,1,0,0,0,1,0,1,0,0,2n Cycle,Divorced,3452,3
422,24,31552.77,3,228.97,31.12,85.39,72.88,17.98,27.68,2,1,6,10,3,0,1,0,0,1,0,1,0,Graduation,Together,772,0
423,47,66326.84,56,1301.1,58.95,189.72,40.91,26.59,37.13,6,4,12,4,2,0,0,0,0,0,1,0,0,Graduation,Widow,1143,3
424,24,27246.02,1,442.27,41.57,110.49,46.79,23.19,7.59,3,0,5,5,3,1,2,0,0,0,0,0,0,Master,Married,1464,0
425,39,101700.69,51,555.38,52.02,145.99,135.58,19.95,71.7,7,2,12,5,0,0,0,1,1,0,1,1,0,2n Cycle,Widow,332,1
426,32,90399.27,43,582.44,100.33,598.84,163.04,58.49,50.68,4,2,11,3,3,1,1,1,0,0,1,0,0,Graduation,Together,1736,3
427,37,79874.06,62,697.92,74.32,892.6,145.91,29.05,152.95,5,5,5,6,2,0,0,1,0,0,0,0,0,PhD,Single,1023,3
428,40,101185.32,13,665.27,57.2,186.89,108.24,92.18,179.33,6,0,9,4,3,0,1,0,1,0,1,0,0,PhD,Single,2687,3
429,22,24492.19,97,326.63,22.02,270.52,58.99,21.27,21.41,2,2,4,6,4,0,0,0,0,0,0,0,0,Basic,Married,61,0
430,33,87546.77,82,993.37,83.04,389.89,116.11,28.2,105.39,10,7,9,8,0,1,1,0,1,0,1,0,0,2n Cycle,Together,3453,3
431,38,92513.95,40,269.28,50.93,488.76,43.99,45.57,78.31,10,2,15,9,2,1,1,1,1,1,0,0,0,PhD,Single,874,1
432,31,100815.93,60,854.83,42.53,336.2,83.59,10.14,48.99,8,6,11,4,3,0,2,0,1,1,0,0,0,PhD,Single,2149,1
433,26,70604.7,84,611.03,55.32,375.22,62.69,31.03,68.85,10,3,13,3,3,0,0,0,1,0,0,0,0,Basic,Married,1020,1
434,34,98554.87,25,770.56,80.41,441.0,64.11,63.92,66.62,4,2,11,6,1,0,1,0,1,1,1,1,1,2n Cycle,Widow,3568,3
435,35,53037.48,24,561.93,76.02,512.57,18.91,0.0,87.0,11,4,14,9,1,1,0,0,1,1,0,1,0,2n Cycle,Widow,1293,1
436,43,49104.79,69,821.67,71.21,491.91,73.53,48.48,61.79,6,3,7,5,1,0,2,0,0,0,1,0,0,Basic,Single,895,3
437,33,84767.12,30,1217.4,56.66,606.15,150.86,72.63,85.97,7,0,4,4,1,0,0,0,1,1,1,0,0,Graduation,Married,933,3
438,20,93271.02,30,563.0,60.54,25.06,44.41,34.15,89.56,9,2,6,7,3,1,1,0,0,0,0,1,0,2n Cycle,Widow,444,1
439,53,31631.73,25,143.86,11.24,68.21,35.53,22.59,24.67,1,0,4,3,2,1,2,0,0,0,0,0,0,Graduation,Married,1660,2
440,24,31809.02,43,364.82,26.2,204.29,21.86,30.33,28.13,2,3,9,8,0,1,2,0,0,0,0,0,1,Graduation,Single,608,2
441,29,104402.49,59,854.09,65.49,54.39,203.24,58.29,68.95,5,2,6,6,2,0,1,0,1,0,1,0,0,Master,Widow,2039,1
442,26,29050.15,57,496.8,0.0,148.11,11.05,7.55,44.85,2,4,2,5,4,0,1,1,0,0,1,0,0,PhD,Widow,567,0
443,56,44809.07,60,225.76,17.83,62.8,48.71,8.22,8.03,1,2,2,3,1,1,0,0,0,0,0,0,0,Graduation,Together,1978,2
444,24,10712.27,37,162.03,26.66,129.97,0.65,35.25,32.31,1,2,6,6,1,0,2,0,1,1,0,0,0,PhD,Divorced,1912,2
445,30,36744.06,62,329.08,39.06,280.93,0.87,25.73,69.13,2,1,2,2,0,0,0,0,0,0,0,0,0,2n Cycle,Married,3191,2
446,23,22253.21,94,225.37,38.53,112.37,38.23,52.02,52.41,2,2,6,1,3,2,2,0,0,1,0,0,0,Master,Widow,1818,0
447,29,39523.62,98,242.21,26.96,189.53,30.47,29.68,18.41,3,2,3,6,2,0,2,1,0,0,1,1,0,PhD,Single,1524,0
448,42,76420.92,9,786.02,45.13,514.29,206.07,68.47,0.0,5,2,9,3,0,0,0,1,0,0,0,0,0,Graduation,Together,2732,3
449,30,28564.05,59,234.78,19.07,73.88,14.48,33.48,34.97,2,2,4,3,5,0,2,0,1,0,0,0,0,Graduation,Divorced,2615,2
450,23,15434.87,93,332.16,27.61,230.5,34.5,32.62,48.91,5,1,6,6,0,2,1,1,0,1,1,0,0,Graduation,Divorced,1938,2
451,20,22708.35,11,180.71,31.39,238.23,18.13,2.18,30.95,1,3,4,8,0,1,0,1,0,0,0,0,0,Basic,Widow,2734,0
452,52,19960.88,66,202.14,9.28,45.51,16.06,11.01,39.88,4,0,8,4,2,1,2,0,0,0,0,0,0,PhD,Single,2741,2
453,24,85007.51,4,1011.81,40.18,412.52,78.88,63.06,61.93,9,5,6,6,2,1,2,0,0,1,0,1,0,2n Cycle,Divorced,2377,3
454,35,103332.12,93,1032.93,62.31,275.87,38.56,43.32,112.35,3,3,9,2,3,0,2,0,1,0,1,1,0,Master,Married,200,1
455,56,77492.58,86,802.74,92.55,707.58,119.19,63.78,68.31,3,4,5,6,2,0,0,1,0,0,0,0,0,PhD,Married,3021,3
456,24,19303.15,20,386.97,31.21,177.27,11.48,37.2,33.0,5,2,2,5,2,1,2,0,1,1,0,0,0,PhD,Single,2353,0
457,43,28390.74,91,236.99,18.55,80.91,39.73,8.23,19.1,1,3,3,4,2,2,1,0,0,0,0,0,0,2n Cycle,Widow,442,0
458,20,17311.12,24,386.51,12.12,220.98,71.17,23.75,20.68,6,1,5,8,3,2,1,0,1,0,1,0,0,Graduation,Single,584,0
459,29,95224.42,68,422.77,65.96,250.91,100.36,26.22,99.3,4,1,15,4,4,0,1,1,0,0,1,0,0,Graduation,Widow,1728,1
460,22,106364.29,83,598.14,34.21,359.99,85.8,46.94,69.52,3,4,11,5,1,0,1,0,1,1,0,0,0,Basic,Single,2586,1
461,21,75927.79,22,904.66,102.58,297.94,123.79,75.02,39.84,6,2,9,4,1,0,2,0,0,0,1,1,0,Master,Single,2859,1
462,61,92820.54,71,839.06,67.49,454.35,157.74,56.88,83.76,10,3,5,7,1,0,2,0,0,0,1,0,0,PhD,Widow,50,3
463,31,16635.88,28,239.05,37.01,166.26,18.7,16.23,48.28,5,4,7,1,2,1,0,1,0,0,0,0,0,Master,Together,1447,0
464,40,31280.95,1,192.36,17.79,125.96,19.81,14.9,12.85,1,0,4,4,3,2,0,0,0,0,0,0,0,Graduation,Married,664,2
465,32,66729.08,44,119.2,40.67,316.6,51.51,48.14,61.15,4,7,9,5,1,0,0,1,1,0,0,0,0,Master,Divorced,1144,1
466,40,87771.81,98,547.54,43.76,938.29,45.18,91.09,67.93,3,4,4,8,2,0,0,0,0,0,1,0,0,Graduation,Widow,3624,3
467,40,96281.73,10,820.69,103.14,328.69,173.59,65.4,31.11,4,5,10,5,3,0,1,0,1,0,0,0,0,PhD,Single,3376,3
468,34,92091.41,10,412.96,93.83,18.2,114.19,70.85,118.37,4,1,7,11,2,0,2,1,0,0,0,0,0,Basic,Widow,2153,1
469,27,24134.91,85,399.75,6.51,73.15,5.46,33.77,10.68,4,0,4,4,2,1,0,1,0,1,0,0,1,PhD,Widow,1859,0
470,31,91527.46,52,926.66,59.26,135.54,57.33,89.22,127.5,5,4,10,7,3,1,2,1,1,0,0,1,0,Basic,Together,2393,1
471,29,103348.72,72,1070.12,38.92,515.16,29.17,70.75,57.55,5,5,13,4,2,1,1,0,1,0,1,0,0,Graduation,Divorced,1564,3
472,36,90939.6,93,886.6,30.07,239.97,130.06,26.22,117.6,5,2,10,3,1,0,2,0,0,0,0,0,0,Basic,Single,3281,3
473,44,32997.45,85,143.93,9.46,161.44,28.46,10.36,16.5,1,0,3,6,0,2,0,1,0,0,0,0,0,PhD,Single,518,2
474,46,81235.31,23,1190.46,96.24,366.71,162.92,83.9,83.03,7,1,10,5,2,0,2,0,1,0,0,0,0,PhD,Single,3424,3
475,30,105572.52,54,796.08,42.09,29.86,11.35,53.11,51.08,7,5,13,7,4,0,2,1,0,0,1,1,0,2n Cycle,Divorced,1572,1
476,43,23844.38,10,256.48,23.47,135.18,17.8,19.62,24.6,4,0,0,4,0,1,1,0,0,1,0,0,0,Graduation,Widow,2907,2
477,36,32770.45,52,140.85,10.32,85.07,10.17,4.68,4.35,1,0,2,2,2,2,2,0,0,0,0,0,0,2n Cycle,Widow,2004,2
478,34,16175.79,70,157.74,10.89,54.84,52.0,10.24,22.23,1,2,3,4,2,1,0,1,0,0,0,0,0,2n Cycle,Divorced,1433,2
479,26,14161.08,34,357.82,24.37,0.0,14.92,14.18,5.76,4,2,3,3,4,0,2,0,0,0,0,1,0,Graduation,Married,2199,0
480,24,24361.72,8,271.97,40.89,119.2,57.98,15.44,32.48,4,1,6,7,1,1,2,1,0,0,0,0,0,Master,Together,2451,0
481,29,27724.37,62,250.02,20.99,204.14,33.39,28.18,42.8,4,2,3,8,3,0,0,0,0,0,0,0,0,PhD,Widow,2635,0
482,38,82347.54,48,834.43,28.37,565.47,45.02,36.35,112.67,6,4,4,4,2,0,2,0,0,0,1,0,0,Basic,Single,1234,1
483,38,87285.7,69,770.74,71.09,618.13,236.23,20.55,97.4,3,2,5,3,3,0,0,1,1,1,0,0,0,Master,Widow,3360,1
484,28,94922.82,93,571.97,72.19,377.54,75.59,61.85,122.69,2,5,12,10,1,0,2,1,0,0,0,0,0,Graduation,Widow,3474,3
485,29,18249.41,68,193.14,16.32,179.29,34.68,26.93,25.16,8,3,5,5,0,0,1,0,1,0,0,0,0,Basic,Widow,1269,0
486,39,98195.23,74,1166.62,75.31,426.94,0.0,61.85,129.95,7,2,8,12,0,0,2,1,0,1,0,0,0,Master,Widow,2620,1
487,41,80927.62,78,924.87,63.81,1079.81,68.93,33.38,117.11,2,3,8,8,4,0,2,1,0,1,0,0,0,PhD,Divorced,3130,3
488,30,96154.91,61,868.04,53.63,243.13,16.23,62.12,65.89,8,2,17,4,2,0,2,0,0,1,0,0,0,2n Cycle,Widow,2310,1
489,57,89388.1,37,1128.02,114.25,425.22,81.76,84.71,115.24,5,3,12,6,2,0,1,1,0,0,0,1,0,Graduation,Together,621,3
490,30,102626.67,16,727.54,50.03,0.0,186.26,48.57,21.79,6,3,10,2,4,1,2,0,1,0,1,1,0,Graduation,Married,2114,1
491,52,41314.46,99,155.95,26.87,17.83,44.71,16.04,24.6,0,2,2,5,4,1,0,0,0,0,0,1,0,PhD,Married,87,2
492,23,29196.68,36,289.67,16.45,137.31,12.14,16.72,58.3,5,2,9,7,3,2,1,0,0,0,0,1,0,PhD,Together,3088,0
493,37,30211.5,48,309.53,8.6,47.0,14.31,7.65,22.91,3,2,4,3,2,2,1,0,0,0,0,0,0,Master,Divorced,1756,2
494,30,91730.89,74,617.6,78.3,180.15,63.91,51.64,117.75,7,1,5,2,1,0,2,1,0,1,0,0,0,Graduation,Married,504,3
495,33,75768.88,86,696.55,51.22,483.6,29.1,34.07,96.3,12,2,6,8,3,0,0,0,1,0,1,0,1,Master,Widow,1193,1
496,39,100701.09,73,1219.92,51.17,774.83,79.33,61.21,94.93,3,3,2,4,1,0,1,0,0,1,0,0,0,PhD,Together,523,3
497,45,99996.0,7,402.75,44.65,653.99,21.54,34.24,80.91,8,5,13,5,2,1,2,1,0,0,0,0,0,2n Cycle,Together,927,1
498,29,99845.67,41,494.31,24.87,541.43,56.7,73.55,34.44,4,3,13,0,1,0,2,1,0,1,0,0,0,Master,Widow,1629,1
499,46,33559.96,20,115.98,20.51,47.16,22.37,12.26,36.85,3,1,5,6,2,2,2,0,0,0,0,0,0,Graduation,Divorced,2151,2
500,55,33981.95,41,149.57,10.48,79.34,19.31,12.65,9.39,1,0,6,4,0,2,0,0,0,0,0,0,0,Graduation,Divorced,237,2
501,22,13421.79,90,351.56,22.37,81.45,39.84,19.06,16.82,3,0,0,1,2,1,0,1,0,0,0,0,0,Graduation,Together,1895,2
502,53,96232.62,4,796.87,31.83,308.59,153.15,90.79,96.73,4,4,7,4,1,0,0,1,0,1,0,0,0,Basic,Widow,2375,3
503,19,70012.96,5,727.12,85.77,475.93,144.98,53.59,121.36,8,1,16,8,1,0,0,1,1,1,0,1,0,Master,Single,675,1
504,55,34598.78,27,157.9,13.26,0.0,17.3,17.43,32.06,2,1,7,10,3,1,1,0,0,0,0,0,0,2n Cycle,Married,1786,0
505,46,35843.85,58,232.9,20.18,77.87,16.95,16.81,30.67,0,1,1,3,3,2,1,0,0,0,1,1,1,Basic,Together,171,2
506,35,31248.71,73,191.71,13.2,95.5,22.13,22.88,6.9,1,0,2,7,3,2,2,0,0,0,0,0,1,Basic,Single,1780,2
507,28,5000.0,22,438.88,34.49,80.67,35.66,21.41,32.72,3,0,5,6,0,0,2,1,0,0,1,0,0,Basic,Single,3479,0
508,27,73865.54,99,698.65,53.53,120.9,77.65,48.77,44.84,6,8,7,6,0,1,0,1,0,1,0,0,0,Master,Single,1452,1
509,44,15743.41,98,197.26,9.79,25.01,17.85,15.33,12.23,1,0,2,4,0,2,0,0,0,0,0,0,0,Graduation,Widow,2608,2
510,62,19994.87,58,93.21,28.18,154.67,5.61,6.37,30.87,2,0,3,4,2,1,0,0,0,0,0,0,0,Graduation,Married,1709,2
511,37,80919.96,96,753.7,39.85,606.81,63.6,52.44,132.35,14,8,10,9,2,0,0,0,0,0,1,0,0,Master,Divorced,1065,1
512,21,31484.47,18,336.46,22.32,126.33,71.75,16.84,11.11,3,1,4,5,2,2,1,0,0,1,0,0,1,Basic,Together,1655,0
513,30,58371.21,15,591.16,55.2,136.63,84.44,59.03,31.93,9,6,15,3,1,1,1,1,0,1,0,0,0,PhD,Married,708,1
514,37,73026.6,74,829.22,94.16,336.35,42.66,33.95,111.85,8,3,10,4,1,0,1,0,0,0,1,1,0,PhD,Married,991,3
515,37,93528.5,24,714.01,57.6,237.09,18.82,54.27,139.35,6,7,12,4,0,0,1,0,1,1,0,0,0,Basic,Widow,1542,1
516,44,13786.36,69,108.77,11.8,80.98,11.46,21.88,7.91,0,0,1,6,3,2,0,0,0,0,0,0,0,2n Cycle,Widow,2771,2
517,47,69817.71,96,916.72,100.65,294.32,77.99,42.32,89.95,3,4,4,9,3,0,1,0,0,1,0,0,0,PhD,Divorced,799,3
518,63,66895.13,96,739.36,6.03,817.54,39.15,46.47,144.69,3,6,8,5,1,0,1,0,0,1,1,0,0,PhD,Divorced,575,3
519,47,9102.66,39,308.29,29.34,47.76,21.68,0.0,28.52,1,0,4,10,2,2,2,0,0,1,0,0,0,2n Cycle,Single,64,0
520,42,101957.97,8,638.88,52.14,343.52,100.92,40.29,120.8,6,2,3,5,2,0,2,1,0,0,0,0,0,PhD,Widow,562,3
521,19,90258.67,54,765.17,51.6,313.06,59.83,36.92,60.8,8,4,10,4,1,0,0,0,0,0,0,0,0,PhD,Widow,2583,1
522,19,11434.72,64,361.88,29.07,185.89,47.43,18.47,8.13,5,0,1,6,0,2,2,0,0,0,0,0,0,2n Cycle,Together,540,2
523,27,6542.92,1,212.41,6.93,62.37,28.18,6.19,33.77,2,0,3,5,2,1,0,0,0,0,1,0,0,Graduation,Divorced,2845,2
524,36,80825.25,37,602.97,35.65,341.4,90.41,44.56,115.85,14,2,13,4,1,0,2,1,0,0,1,0,0,PhD,Divorced,2328,3
525,25,91048.75,27,599.8,57.2,77.78,98.67,75.08,30.11,13,4,14,8,1,0,2,0,0,0,0,0,0,2n Cycle,Together,3579,1
526,23,22448.59,38,306.54,32.4,41.48,6.38,9.0,39.3,2,2,5,4,1,1,1,0,0,0,0,0,0,Graduation,Married,2835,2
527,63,37495.53,66,150.74,19.82,75.8,17.87,4.72,3.31,1,0,2,5,2,2,2,0,0,0,0,0,0,PhD,Widow,499,2
528,50,94048.56,42,791.86,54.53,0.0,225.87,100.16,122.77,3,6,7,6,3,0,2,1,0,0,0,0,0,Master,Divorced,3277,3
529,21,27063.43,70,295.19,23.93,181.06,51.74,14.31,38.44,3,1,7,3,1,1,2,1,0,0,0,0,0,2n Cycle,Single,1545,0
530,39,81916.68,94,566.73,86.97,197.76,73.79,46.78,118.41,6,0,5,4,0,0,1,0,0,1,0,0,0,Master,Divorced,1839,3
531,20,32973.64,51,142.08,28.83,168.82,47.02,11.45,31.24,5,1,5,4,2,1,2,0,1,0,0,0,0,Master,Together,2981,0
532,44,91890.0,2,1081.35,82.98,269.46,98.64,41.05,186.63,2,1,8,2,5,0,1,1,0,0,1,0,0,PhD,Widow,2686,3
533,21,21244.69,47,258.92,20.25,180.95,24.79,19.3,0.0,3,3,6,3,0,0,1,0,0,0,0,0,0,PhD,Widow,1187,0
534,37,43971.33,17,578.28,80.55,290.01,154.37,86.14,33.65,12,4,13,6,1,1,0,1,1,0,0,1,0,Graduation,Divorced,890,3
535,41,15803.91,11,161.63,16.39,83.39,30.82,5.7,30.51,0,2,6,5,1,2,0,0,1,0,0,0,0,Master,Single,1309,0
536,32,97603.37,29,397.46,27.95,199.13,51.14,28.39,105.08,10,5,10,6,5,1,2,1,0,0,0,0,0,2n Cycle,Divorced,1547,1
537,43,88563.77,5,1288.35,103.56,529.78,32.42,49.85,104.28,6,4,15,7,3,0,1,0,0,1,0,0,0,Basic,Widow,204,1
538,48,73429.74,9,639.53,43.98,231.94,140.7,73.71,138.45,8,4,7,7,0,0,2,1,1,0,1,0,0,Graduation,Single,2239,3
539,39,36256.87,94,223.45,6.8,172.41,21.89,13.81,61.28,3,1,5,6,3,1,2,1,0,0,0,0,0,PhD,Together,3583,2
540,31,96548.81,18,278.85,49.02,270.13,58.21,21.4,75.74,8,7,15,3,2,1,2,1,1,1,0,0,0,Graduation,Single,2024,1
541,35,67559.41,14,131.79,50.3,344.11,86.0,85.7,114.48,5,4,7,2,3,0,2,1,0,1,0,0,0,Master,Single,2487,1
542,36,103046.83,0,792.83,64.47,172.73,91.14,60.35,22.17,4,5,4,4,1,0,2,1,1,0,1,0,0,PhD,Together,2195,3
543,25,80241.13,77,867.03,26.75,604.19,50.66,75.57,112.94,6,1,11,6,5,0,1,0,0,0,0,0,0,Basic,Single,1594,1
544,30,82926.01,59,1125.7,40.49,246.6,117.03,11.52,77.6,4,4,5,6,1,0,1,1,0,0,1,0,0,Basic,Widow,383,1
545,32,88151.11,29,927.98,72.56,613.82,178.47,47.52,68.7,7,1,11,3,1,0,0,0,1,1,0,0,0,Master,Widow,2543,1
546,39,33964.85,33,170.24,22.89,187.03,25.03,7.26,25.06,1,1,3,8,1,1,0,0,0,0,1,0,0,Basic,Married,2941,0
547,29,21043.01,25,294.55,47.58,240.0,1.06,23.9,47.89,4,0,6,4,0,2,0,0,0,0,0,0,0,2n Cycle,Widow,398,0
548,39,22502.64,3,223.81,13.86,64.29,27.15,9.43,26.19,2,1,1,11,0,1,0,0,0,0,0,1,0,2n Cycle,Married,1481,0
549,26,15609.57,19,304.62,18.42,112.46,82.94,21.56,36.32,1,1,9,4,1,2,0,0,0,0,0,0,0,Graduation,Married,1807,0
550,34,98467.85,3,749.49,111.32,590.0,175.08,17.47,126.47,0,3,6,6,3,0,2,0,0,1,0,0,1,PhD,Single,1886,3
551,41,90689.11,59,682.82,98.65,771.18,136.25,86.24,78.29,5,2,5,4,2,0,2,0,0,1,0,1,0,Basic,Divorced,3434,3
552,32,104675.62,42,615.87,66.15,245.8,40.18,60.73,64.79,7,3,12,11,4,0,0,1,1,1,1,0,0,2n Cycle,Divorced,521,1
553,23,20846.38,98,209.22,34.81,167.8,32.99,24.18,24.91,5,0,4,2,2,1,2,0,1,0,0,0,0,Basic,Single,1825,0
554,39,80901.14,11,1106.42,49.28,318.77,109.04,93.33,94.7,7,2,6,6,3,0,1,0,1,0,0,0,0,Basic,Married,3356,1
555,33,45064.68,80,217.83,12.91,89.21,13.94,7.15,8.15,5,1,4,7,1,1,2,0,0,0,1,0,0,2n Cycle,Together,2682,2
556,48,31788.44,21,172.9,15.93,4.82,3.18,18.8,12.54,3,2,5,2,1,2,0,1,0,0,0,0,0,Master,Single,1714,0
557,31,81473.02,93,414.38,68.18,243.91,85.18,13.89,99.79,9,2,16,4,3,1,0,1,0,0,0,0,0,Master,Single,393,1
558,26,99149.09,70,459.23,83.96,416.46,79.5,57.81,46.54,4,6,13,5,2,0,1,1,1,1,0,0,0,Master,Divorced,1360,1
559,38,98795.2,50,1520.36,36.81,0.0,182.29,38.87,73.03,3,3,4,4,0,0,0,0,0,0,1,0,0,PhD,Single,3572,3
560,34,91826.37,10,800.11,33.5,97.27,110.55,12.71,78.16,3,7,12,5,0,1,2,0,1,0,0,1,0,PhD,Divorced,3459,3
561,45,96036.07,75,1074.1,94.77,972.13,73.21,40.08,73.33,3,2,12,9,2,0,1,1,0,0,0,0,0,Graduation,Single,3377,3
562,41,24761.35,6,193.67,23.89,23.79,24.24,19.03,23.92,3,1,6,7,4,2,1,1,0,0,0,0,0,2n Cycle,Single,3592,0
563,40,22474.83,61,172.96,3.67,50.16,31.23,14.54,18.23,3,1,6,10,3,1,1,0,0,0,0,0,1,Master,Divorced,1568,2
564,25,11612.0,29,347.15,24.14,157.67,74.36,19.47,52.67,3,0,5,8,5,2,0,0,0,0,0,0,0,PhD,Single,1990,0
565,31,62384.87,4,770.25,33.77,213.05,21.19,45.76,113.69,3,4,8,5,4,0,1,0,1,1,1,0,0,PhD,Together,2450,1
566,23,81474.0,58,905.95,36.09,367.34,99.83,69.26,54.2,9,4,19,3,1,1,1,1,1,0,0,1,0,2n Cycle,Widow,3547,1
567,39,37627.18,95,493.92,15.86,158.36,68.48,6.11,45.57,4,0,6,10,4,2,0,0,0,0,0,0,0,PhD,Married,288,0
568,18,88774.44,66,880.18,70.09,265.37,81.62,39.23,0.0,5,3,11,5,1,1,1,0,0,1,0,1,0,2n Cycle,Married,2440,1
569,30,89405.43,44,687.36,51.17,0.0,107.42,73.15,137.53,9,1,12,0,3,1,2,1,0,1,0,0,1,Master,Together,3186,1
570,49,18424.92,16,127.81,14.18,153.6,3.17,7.53,33.97,2,0,0,4,1,2,2,1,0,0,0,1,0,Graduation,Together,1662,2
571,44,102853.8,50,741.76,80.51,453.9,93.02,62.45,200.39,7,2,8,6,3,0,2,0,0,0,1,0,0,Graduation,Divorced,2925,3
572,46,113838.19,25,1613.01,75.9,455.52,158.31,48.86,68.53,5,0,13,4,1,0,1,1,0,1,1,0,0,PhD,Together,2009,3
573,48,15943.61,82,141.95,16.12,97.11,31.29,17.98,27.3,2,1,2,6,1,2,1,0,0,0,0,0,0,Basic,Together,1771,2
574,44,78052.06,69,740.17,84.52,457.68,113.67,48.33,82.81,5,5,7,3,1,0,0,1,0,0,0,1,0,2n Cycle,Together,1906,3
575,33,108269.63,49,755.38,26.98,80.1,58.92,33.11,58.88,9,1,10,4,0,1,0,0,1,1,1,1,0,Master,Single,2962,1
576,53,33925.55,10,177.38,11.04,49.15,23.5,20.31,29.24,3,0,2,6,0,1,1,0,0,0,0,0,0,Master,Single,3563,2
577,29,72157.2,96,923.37,118.5,134.98,212.36,102.24,70.41,7,6,11,3,0,0,0,0,0,0,1,0,0,Master,Together,2877,3
578,38,88704.58,2,800.81,55.3,185.99,162.46,23.41,69.35,5,3,13,1,2,0,2,1,1,1,0,0,0,2n Cycle,Divorced,2994,3
579,44,89565.98,12,704.16,21.45,220.27,118.48,27.69,94.77,9,2,13,3,0,1,2,1,1,1,1,0,0,Master,Divorced,760,1
580,26,28908.67,30,341.67,26.8,202.97,43.75,12.13,0.4,4,2,5,6,1,0,2,0,0,0,0,0,0,PhD,Together,3209,2
581,31,89967.23,19,959.42,98.31,17.81,126.66,66.29,53.29,8,3,7,8,3,1,0,1,0,1,0,1,0,Master,Widow,289,1
582,30,89568.89,94,927.63,87.86,255.08,169.46,48.65,69.59,6,1,6,6,3,0,0,1,1,1,1,1,0,PhD,Married,2086,1
583,46,25969.42,67,198.83,8.88,71.31,11.72,3.46,5.81,4,1,1,3,4,1,0,0,0,0,0,0,0,Master,Single,2882,0
584,35,40218.58,50,75.54,20.69,53.3,39.73,11.34,19.93,2,1,4,3,3,1,0,1,0,0,0,0,0,Basic,Together,398,0
585,46,23428.12,99,152.87,13.59,49.27,24.98,7.51,28.63,6,0,5,5,2,2,2,0,1,0,0,0,0,2n Cycle,Married,1319,0
586,40,91815.2,71,948.96,57.69,219.13,64.51,20.03,86.64,9,4,9,1,0,1,0,1,1,1,0,0,0,Master,Divorced,457,1
587,19,36590.08,46,147.09,13.65,106.24,32.88,22.37,43.42,1,1,4,3,3,2,2,0,0,1,0,0,0,2n Cycle,Together,3627,0
588,30,46157.66,18,375.85,36.65,113.57,40.06,14.77,21.17,5,0,2,5,0,1,1,0,0,0,0,0,0,Basic,Divorced,2251,2
589,31,91371.9,50,714.55,63.05,170.42,105.11,91.1,90.03,7,2,7,5,3,0,0,0,0,1,0,1,0,PhD,Widow,2871,3
590,48,104423.58,65,675.56,82.3,590.77,205.83,100.26,80.77,5,2,9,1,1,0,1,1,0,0,1,0,0,Graduation,Together,877,3
591,39,94466.92,89,1104.71,58.04,398.62,66.36,66.11,121.78,3,3,8,1,0,0,0,1,1,1,0,0,0,Graduation,Together,2379,3
592,48,25028.22,7,209.89,23.46,74.03,36.03,18.66,21.77,1,0,5,7,4,2,1,0,0,0,0,0,0,2n Cycle,Widow,1388,2
593,34,24167.28,75,308.09,31.62,151.61,42.21,36.12,35.43,2,2,3,6,4,1,0,0,0,0,0,0,0,Master,Widow,1827,0
594,56,25953.12,30,221.97,0.0,94.21,32.42,0.0,4.51,2,0,4,5,3,1,2,0,0,0,0,0,0,Basic,Single,936,2
595,43,19048.84,37,171.69,4.43,13.15,37.95,10.06,12.95,3,2,4,7,3,1,1,0,0,0,0,0,0,2n Cycle,Single,321,0
596,44,82599.21,66,616.85,56.29,93.24,137.49,57.53,142.92,6,2,11,5,3,0,2,0,0,0,0,0,0,PhD,Widow,3235,3
597,35,93486.66,3,490.42,73.48,202.33,23.98,67.21,81.25,6,4,10,6,2,0,2,1,0,0,0,1,0,Basic,Widow,3370,1
598,27,25698.07,89,291.32,44.05,144.15,94.71,31.82,22.63,6,2,3,3,1,1,1,1,0,0,0,0,0,2n Cycle,Married,1109,0
599,26,25199.63,67,404.11,27.15,229.82,8.96,17.72,35.31,3,1,3,1,0,0,1,0,0,0,0,0,0,Graduation,Together,3222,2
600,29,31625.25,46,333.88,30.2,150.53,36.4,26.43,54.07,1,2,2,8,4,2,1,1,0,0,0,0,0,PhD,Single,2447,0
601,44,70838.3,61,863.14,126.47,313.39,179.53,38.44,22.16,6,2,10,4,1,0,1,0,0,0,0,1,0,Basic,Widow,3063,3
602,37,90200.1,88,1160.06,112.66,144.9,155.91,49.12,115.06,6,5,3,5,3,0,1,1,0,1,0,1,0,PhD,Together,3011,3
603,34,82747.59,24,828.4,38.27,367.7,175.74,52.24,100.37,12,5,15,6,3,1,0,1,1,0,0,0,0,PhD,Single,1873,1
604,40,97297.85,19,432.39,21.83,764.34,48.67,54.44,57.54,9,2,8,5,2,0,0,1,0,0,1,1,0,Graduation,Together,231,3
605,27,29055.37,86,436.98,25.95,138.69,6.82,7.45,27.77,3,2,4,5,1,1,1,0,0,0,0,0,1,PhD,Widow,845,2
606,31,33054.71,5,167.85,16.07,201.33,28.58,14.42,29.23,5,0,3,6,2,2,1,0,0,0,0,0,0,2n Cycle,Married,595,0
607,38,92608.79,7,1244.37,44.97,305.29,152.79,85.92,146.28,1,1,5,6,1,0,0,0,0,1,1,0,0,Basic,Single,3465,3
608,44,83185.35,13,118.1,51.5,274.92,63.95,46.76,66.18,8,2,10,4,2,0,0,1,0,1,0,0,0,PhD,Widow,289,1
609,22,41131.64,37,317.42,32.63,87.8,44.21,20.07,40.63,1,1,3,6,5,1,0,0,1,1,0,0,0,Master,Single,1166,0
610,24,28227.67,67,177.36,30.37,77.96,0.0,26.18,20.3,3,1,4,6,3,0,1,0,0,0,0,0,0,Master,Single,2279,0
611,47,73800.9,37,1219.86,56.29,425.49,33.59,104.46,110.1,5,2,2,8,0,0,0,1,1,1,0,0,0,Basic,Single,2381,1
612,35,99378.16,35,684.29,38.09,342.32,38.5,66.11,99.42,10,4,9,4,0,0,2,1,1,1,0,0,0,Basic,Widow,2940,1
613,31,17679.93,18,289.5,18.55,109.66,56.33,18.62,12.31,2,1,2,6,1,2,0,0,0,0,0,0,0,Master,Married,1508,0
614,18,49505.5,45,220.59,34.53,112.64,37.18,8.9,18.63,2,3,8,3,5,2,1,0,0,0,0,0,0,Master,Single,480,0
615,27,11135.0,86,223.15,27.93,262.03,52.87,46.65,46.54,3,0,3,2,2,2,1,0,0,0,0,0,1,2n Cycle,Single,1945,2
616,18,29105.72,61,471.07,18.57,198.11,44.62,26.25,38.06,6,0,6,5,1,2,1,0,0,1,0,0,0,Basic,Single,2735,0
617,50,25240.49,75,89.69,28.94,52.22,37.07,10.97,19.92,3,2,3,1,1,2,2,0,0,0,0,0,0,2n Cycle,Divorced,2852,2
618,18,30015.16,61,233.48,41.56,205.83,20.48,10.77,33.71,3,3,5,6,3,2,2,1,0,1,0,0,0,Master,Married,1364,0
619,49,24917.19,58,122.94,13.39,132.13,33.07,19.85,28.69,2,0,2,8,4,2,1,0,0,0,0,0,0,2n Cycle,Together,3571,2
620,36,79685.08,25,559.83,63.38,455.9,12.4,95.86,163.6,9,4,13,6,2,0,1,1,0,1,0,0,0,Graduation,Married,1201,1
621,53,26859.29,93,193.21,16.49,26.29,31.04,10.38,8.01,3,1,2,2,3,2,0,0,0,0,0,0,0,PhD,Married,1097,2
622,45,86291.45,71,655.51,48.73,315.15,84.35,20.07,104.36,2,5,8,2,3,0,2,0,0,0,1,0,0,Basic,Widow,2017,3
623,55,22984.44,66,119.93,13.76,66.78,46.85,21.64,18.61,6,1,4,2,1,2,0,0,0,0,0,0,0,Basic,Married,3555,0
624,35,109064.09,54,690.37,72.15,169.96,59.17,25.4,63.13,6,1,7,9,3,0,1,0,0,1,0,0,0,Basic,Divorced,3256,3
625,33,107588.94,61,715.83,85.25,364.99,136.8,59.44,208.58,5,0,6,4,1,0,2,0,0,0,0,0,0,Master,Divorced,1471,3
626,18,20035.04,1,275.78,11.42,9.23,58.67,13.79,41.43,3,1,4,10,5,2,0,0,0,0,0,0,0,Basic,Married,2319,0
627,44,97754.35,43,682.15,91.57,761.12,104.95,46.1,69.5,3,3,10,4,3,0,0,1,0,0,1,0,0,Basic,Married,2360,1
628,42,37396.46,28,126.63,12.08,70.11,14.56,25.38,16.4,0,0,7,1,4,1,0,0,0,0,0,0,0,Graduation,Married,982,2
629,38,23940.28,90,148.33,7.39,93.35,9.37,11.64,19.57,0,0,5,1,3,2,1,0,0,1,0,0,0,Master,Single,1298,0
630,30,37565.08,56,123.72,37.69,104.8,28.5,19.6,54.97,1,0,5,4,2,0,1,0,0,0,0,0,0,2n Cycle,Divorced,428,2
631,37,24148.29,18,200.53,21.22,68.23,13.91,14.08,22.08,1,1,4,8,0,2,0,1,0,1,0,0,0,Master,Married,820,0
632,36,120584.55,25,822.09,61.94,300.36,36.7,66.31,5.07,7,4,9,2,0,0,0,0,1,0,0,0,0,Basic,Divorced,1026,3
633,36,108869.58,94,573.6,58.22,341.83,0.0,53.79,82.99,9,8,12,8,1,0,1,0,1,0,1,1,0,2n Cycle,Single,1695,1
634,31,17308.71,95,389.59,21.76,219.8,40.81,13.4,53.97,1,2,3,3,2,2,0,0,0,0,0,0,0,2n Cycle,Single,1639,0
635,50,29025.81,32,329.12,12.73,148.81,28.31,24.01,11.32,4,0,6,8,4,2,1,0,0,1,0,0,0,Graduation,Divorced,1714,2
636,50,85011.57,75,1099.87,134.62,599.44,78.93,66.68,78.34,3,3,8,6,1,0,2,0,1,0,0,1,0,Master,Widow,2273,3
637,32,90388.72,35,964.71,78.9,625.71,144.94,0.0,51.18,8,3,9,1,2,0,0,0,0,0,0,0,0,2n Cycle,Single,407,1
638,41,39068.1,84,136.48,18.78,216.68,23.81,5.91,11.58,3,0,2,2,1,1,2,0,0,0,0,1,0,Basic,Single,574,0
639,38,77733.26,68,374.87,67.74,325.39,116.46,45.48,67.75,7,3,8,5,3,0,0,1,1,1,0,0,0,2n Cycle,Married,1697,1
640,41,31950.42,9,276.14,7.36,115.08,14.95,3.85,32.38,4,1,3,8,4,2,0,1,0,0,0,0,0,Master,Married,1509,0
641,33,57755.25,99,599.21,81.9,542.71,92.22,42.95,106.92,8,7,9,10,1,0,1,1,0,1,0,0,0,Master,Widow,48,1
642,47,101434.9,36,747.16,56.62,703.14,33.79,2.63,63.42,4,5,7,5,1,0,2,0,0,0,0,1,0,2n Cycle,Widow,2548,3
643,26,95059.81,93,747.71,52.78,412.71,180.75,78.9,47.56,5,3,7,3,3,0,2,1,1,1,0,0,0,Graduation,Single,2409,3
644,52,26771.24,42,188.2,5.14,47.8,23.33,10.07,15.77,3,0,4,9,1,2,1,0,0,0,0,0,0,PhD,Married,562,2
645,27,87858.6,67,515.5,58.05,299.24,71.63,37.34,81.41,9,3,11,9,1,1,0,1,0,1,1,0,0,Master,Single,1201,1
646,28,91029.76,13,860.19,63.75,320.07,28.09,56.86,97.13,8,4,9,7,2,0,0,1,0,0,1,0,1,Master,Widow,3594,1
647,63,21068.65,78,148.55,14.36,124.25,11.19,12.5,24.14,2,2,3,4,2,2,2,0,0,0,0,0,0,2n Cycle,Divorced,1911,2
648,35,37350.28,92,214.52,15.74,59.81,42.91,6.12,3.24,3,1,4,2,2,1,1,0,0,0,0,0,0,PhD,Together,876,2
649,18,24672.25,9,60.94,41.97,276.78,39.03,37.23,52.55,4,0,5,3,3,1,0,0,0,0,0,0,0,PhD,Single,1467,0
650,49,13490.13,59,167.91,10.23,44.63,50.19,2.78,19.75,1,1,0,4,2,1,0,0,0,0,0,0,0,Master,Single,1981,0
651,43,72346.37,67,1184.45,120.73,268.34,161.63,68.42,113.63,3,4,8,3,1,0,0,1,0,0,0,0,0,PhD,Divorced,934,3
652,43,26010.03,45,191.65,15.78,102.6,25.67,11.19,22.31,1,1,1,2,1,1,0,0,0,0,0,0,0,PhD,Together,2953,2
653,53,21609.88,24,215.14,10.64,153.17,14.73,6.98,17.83,0,0,5,6,4,1,1,0,0,0,0,0,0,Basic,Together,1000,2
654,23,29934.24,11,391.52,12.62,226.37,51.09,12.33,46.18,4,0,8,2,6,1,2,0,0,0,0,0,0,Graduation,Married,3326,0
655,37,36537.14,23,182.55,20.09,54.55,18.59,12.54,19.54,1,2,2,6,0,2,1,0,0,1,0,0,0,Master,Widow,583,0
656,39,25678.09,61,173.66,17.25,30.19,19.78,15.79,30.16,1,2,3,4,7,1,0,0,0,0,0,0,0,Graduation,Divorced,742,2
657,29,26581.52,5,321.07,45.14,149.36,15.33,25.66,25.18,1,3,6,9,4,2,2,1,0,0,0,0,0,2n Cycle,Single,1853,0
658,61,16774.59,35,255.09,18.0,62.84,27.51,11.35,16.85,2,0,1,2,1,2,2,0,0,0,0,0,0,Master,Widow,2727,2
659,51,69590.63,32,1199.67,101.68,590.79,76.25,132.57,66.53,5,3,2,1,3,0,0,0,0,1,1,0,0,PhD,Single,1802,3
660,46,31560.66,10,192.53,16.45,0.0,15.7,21.39,42.2,0,4,4,8,1,1,0,0,0,0,0,0,0,PhD,Single,1647,2
661,36,88062.92,69,1055.04,33.29,278.04,173.06,65.97,90.88,4,3,5,4,2,0,0,1,0,1,0,0,0,Graduation,Together,3228,3
662,50,31455.05,49,157.57,5.01,49.73,33.8,6.49,12.22,2,0,5,4,5,1,0,0,0,0,0,0,0,Basic,Widow,2908,0
663,31,16330.0,76,76.04,12.49,26.13,3.53,16.45,16.88,2,0,6,5,4,1,0,1,0,0,0,0,0,Graduation,Widow,2944,0
664,40,28412.34,45,197.39,5.72,103.21,31.8,13.02,19.03,1,2,4,7,3,2,1,0,0,0,0,0,0,PhD,Divorced,1264,2
665,41,106392.87,63,875.5,71.33,578.07,77.23,55.1,149.9,4,1,5,9,2,0,0,0,0,1,1,1,0,Basic,Divorced,498,3
666,42,94918.68,99,812.81,60.99,535.19,132.97,23.53,18.71,3,2,12,4,0,0,2,1,0,0,0,0,0,2n Cycle,Married,2222,3
667,18,12566.34,54,242.42,37.27,53.76,41.79,28.3,26.31,5,2,3,10,1,1,1,0,0,0,0,0,1,2n Cycle,Single,3078,0
668,35,86080.74,75,503.95,37.02,344.29,123.48,87.77,176.98,2,4,10,8,1,0,1,0,0,1,1,0,0,2n Cycle,Married,2339,3
669,35,88819.13,93,306.32,42.56,553.21,114.83,56.41,68.6,4,1,12,3,1,0,1,0,1,0,1,1,0,PhD,Single,1091,3
670,32,68521.97,10,553.52,50.08,403.91,100.4,50.7,17.73,7,2,9,7,2,0,0,1,0,1,1,0,0,2n Cycle,Single,853,1
671,55,29636.76,34,144.66,20.98,45.3,14.96,7.76,17.6,4,0,2,3,0,1,1,0,0,0,0,0,0,Master,Divorced,1678,2
672,24,30888.85,40,396.19,26.74,186.35,41.44,29.44,47.06,4,0,4,6,0,2,0,0,0,1,0,0,0,Master,Divorced,981,0
673,61,41288.03,70,188.1,18.07,138.24,27.46,0.0,12.54,2,1,2,5,3,1,1,0,1,0,0,1,0,2n Cycle,Married,651,0
674,31,21176.34,42,187.01,7.11,209.87,87.37,19.62,47.31,3,1,3,5,2,0,1,0,0,0,1,0,0,PhD,Widow,3172,2
675,48,78723.88,84,659.06,39.0,5.43,195.26,105.78,83.64,3,3,4,4,2,0,1,0,0,0,0,0,0,Master,Married,1466,3
676,46,95324.44,18,777.97,97.35,684.98,125.76,56.41,125.46,4,3,8,4,0,0,1,0,0,0,1,1,0,Graduation,Divorced,142,3
677,44,80807.5,50,341.44,67.71,499.37,115.67,19.63,90.7,3,7,6,3,2,0,1,0,1,1,0,1,0,Basic,Divorced,1363,3
678,33,81506.76,12,539.82,111.6,24.13,54.13,8.25,123.94,5,4,13,4,1,1,1,0,1,0,0,0,1,Basic,Married,1650,1
679,49,22669.18,31,198.47,4.17,66.88,38.02,4.98,21.69,5,0,5,7,3,2,1,0,0,0,0,0,0,Graduation,Together,2542,2
680,46,75577.09,10,999.0,51.58,483.36,118.21,63.19,131.12,3,2,7,4,0,0,2,0,0,0,0,0,0,Basic,Married,2406,3
681,18,20255.74,2,375.64,26.74,156.02,24.93,11.69,20.34,4,2,7,7,0,1,1,0,1,0,0,0,0,Master,Widow,493,0
682,50,19747.98,12,236.62,15.78,97.39,45.71,12.65,17.75,0,2,3,5,0,1,2,0,1,0,0,0,0,Master,Widow,1700,0
683,48,11375.89,29,149.53,15.09,34.71,43.24,17.14,18.76,2,0,4,5,1,1,1,0,0,0,0,0,0,Master,Divorced,2269,2
684,38,93325.83,52,583.73,63.41,526.25,34.28,55.48,78.06,1,2,6,5,1,0,2,0,0,0,0,0,0,Master,Widow,275,1
685,35,28332.47,25,259.2,22.6,190.34,7.32,15.76,20.97,3,0,3,5,3,1,0,0,0,0,0,0,0,2n Cycle,Widow,3452,0
686,43,86178.58,5,1217.92,48.1,356.36,156.41,84.89,53.96,6,1,13,6,1,0,2,1,1,1,0,0,0,Graduation,Married,1858,3
687,26,81468.54,44,676.96,45.73,189.66,84.37,26.65,89.54,9,3,7,3,1,1,2,0,1,1,0,1,1,2n Cycle,Divorced,2449,3
688,23,27058.47,57,325.9,18.89,252.13,88.71,29.76,44.86,4,0,7,8,3,2,1,0,0,0,0,0,0,PhD,Divorced,311,2
689,35,73316.72,95,813.35,81.33,249.01,56.92,46.17,75.47,8,7,6,8,1,0,2,0,0,0,1,0,0,2n Cycle,Widow,2082,1
690,25,75801.41,15,490.37,25.26,456.03,87.85,44.84,97.48,6,4,9,12,0,0,1,1,1,1,0,0,0,Master,Married,3501,1
691,23,26118.53,53,347.9,20.98,205.57,80.24,15.12,20.15,2,2,6,2,2,2,0,0,0,0,0,0,0,Graduation,Single,749,0
692,29,22727.86,79,295.05,16.02,98.06,57.9,20.38,22.0,3,0,4,6,2,1,1,0,0,0,0,1,0,2n Cycle,Married,3463,0
693,25,16839.46,90,323.15,23.75,189.01,16.06,7.76,43.01,1,2,3,5,2,2,2,0,0,1,0,0,0,Basic,Divorced,3386,2
694,21,31865.73,14,514.17,11.8,135.73,46.83,6.38,56.92,4,1,3,4,2,0,1,0,0,0,0,0,0,Graduation,Widow,394,0
695,50,18884.38,79,167.36,18.71,131.24,31.44,28.36,5.73,1,3,6,5,2,1,2,0,0,0,0,0,0,PhD,Single,833,2
696,36,103242.31,90,1009.61,12.91,285.8,77.21,55.87,93.72,7,4,10,9,1,0,0,1,0,1,1,0,0,Basic,Married,979,1
697,24,19981.69,46,225.98,21.33,36.74,61.59,30.62,46.27,1,0,3,11,4,0,0,0,1,0,0,0,0,Master,Together,3366,0
698,35,76281.92,21,801.77,55.13,352.36,80.96,43.23,68.5,5,1,14,5,2,1,0,1,0,1,1,0,0,Basic,Together,1183,1
699,31,92277.72,25,757.81,32.66,391.65,95.82,59.19,62.04,6,1,12,9,4,0,0,1,0,0,0,1,0,Basic,Married,3321,1
700,44,68866.87,38,547.14,54.24,443.2,94.84,45.54,118.15,4,0,10,4,1,0,1,0,0,0,0,1,0,2n Cycle,Widow,1711,3
701,60,22641.75,54,148.67,15.95,69.63,29.67,9.13,7.91,0,3,2,3,2,2,0,0,0,1,0,0,0,Basic,Married,2659,0
702,30,36858.73,61,218.2,13.64,211.39,11.14,17.85,27.56,5,2,4,5,3,0,0,1,0,0,0,0,0,Basic,Divorced,1401,0
703,45,31116.09,89,250.14,13.55,126.78,0.0,13.51,18.96,2,1,0,9,3,2,0,0,0,0,0,0,0,2n Cycle,Single,2807,2
704,23,24979.94,58,301.41,5.25,397.25,38.33,16.04,17.98,3,0,5,6,2,1,0,0,0,0,0,0,0,Graduation,Divorced,2510,2
705,44,37273.48,35,143.45,29.59,48.94,34.89,12.49,35.9,3,0,2,10,4,1,2,0,0,0,0,0,0,Master,Married,1648,0
706,30,77551.85,32,476.04,48.0,245.74,38.85,45.97,76.36,9,3,13,6,3,1,1,0,0,0,1,0,0,Basic,Widow,2348,1
707,31,104246.47,77,546.33,13.25,287.92,118.21,36.94,106.78,7,2,6,3,2,0,2,0,0,1,0,0,0,PhD,Together,742,3
708,32,67442.39,65,944.88,60.1,10.27,98.32,37.91,135.17,6,2,11,7,4,0,1,0,1,0,0,0,0,Master,Widow,2532,1
709,18,30034.06,85,241.48,17.66,151.84,64.26,13.93,25.09,2,3,2,11,2,2,1,1,0,0,0,0,0,PhD,Widow,3380,0
710,45,29112.92,52,146.9,2.4,84.34,19.12,2.01,10.2,2,0,1,4,0,1,2,0,0,1,0,0,0,PhD,Married,317,2
711,21,20211.96,39,431.96,19.84,54.48,67.54,18.04,30.27,3,2,7,3,3,2,1,0,0,0,0,0,0,Basic,Divorced,2991,0
712,33,21202.23,82,360.75,24.07,134.94,10.06,38.15,16.89,2,1,6,3,0,2,0,1,0,0,0,0,0,2n Cycle,Single,1500,0
713,35,88806.61,62,270.18,96.96,216.26,63.02,81.28,84.24,10,7,13,5,2,0,1,0,1,1,0,1,0,2n Cycle,Divorced,3401,3
714,29,89059.16,51,770.24,50.72,328.73,87.21,53.65,55.81,6,2,17,7,2,1,2,1,1,0,1,1,0,Graduation,Married,1038,1
715,29,85567.75,52,603.86,63.61,173.82,74.47,18.33,77.38,6,6,13,5,3,1,2,1,1,0,0,0,0,Graduation,Married,1496,1
716,45,107543.39,51,1125.29,76.46,792.58,117.59,92.45,63.09,7,1,8,2,3,0,2,0,0,1,0,1,0,Graduation,Married,913,3
717,30,99511.25,77,466.83,62.33,639.6,125.24,126.08,39.92,5,5,6,10,2,0,2,1,0,0,0,0,0,Graduation,Divorced,3036,3
718,58,28085.29,9,165.31,20.44,109.57,21.93,14.17,14.41,1,1,2,4,3,1,0,0,0,0,0,0,0,PhD,Divorced,3391,2
719,23,22904.13,11,17.03,12.73,189.02,50.93,21.28,33.43,2,6,4,4,1,1,1,0,0,0,0,0,0,Graduation,Together,1655,2
720,43,109977.51,24,358.53,100.1,380.29,116.54,94.05,33.39,8,6,8,4,2,0,1,1,0,0,0,0,0,Graduation,Divorced,2465,3
721,32,28800.56,95,241.16,5.99,69.32,15.86,7.91,6.85,3,1,2,10,0,2,0,0,0,0,0,0,0,PhD,Single,98,0
722,43,76721.44,1,1044.27,50.02,84.48,125.74,66.19,180.52,8,1,6,5,4,0,1,0,1,0,0,0,0,Basic,Together,649,3
723,28,38553.93,31,356.57,27.87,0.0,55.67,33.26,19.03,2,6,6,9,2,0,1,0,1,0,0,0,0,Basic,Widow,2779,0
724,36,105030.71,93,549.18,28.65,289.44,102.82,56.09,57.56,8,4,12,9,6,0,0,0,0,1,0,0,0,Graduation,Widow,2425,1
725,22,92102.71,71,946.24,43.56,287.0,84.79,54.81,74.38,3,2,14,4,1,0,2,1,1,0,1,0,0,PhD,Married,2428,1
726,19,87546.17,92,197.43,52.06,188.8,78.99,28.25,128.29,9,6,10,6,1,1,1,1,0,0,0,0,0,2n Cycle,Single,36,1
727,53,105413.72,82,1039.25,72.85,73.69,124.93,78.66,80.93,3,0,4,4,1,0,1,1,0,0,1,0,0,2n Cycle,Single,2843,3
728,45,96610.51,46,1203.27,108.87,0.0,106.24,84.53,111.75,5,3,7,1,0,0,1,0,0,0,1,0,0,Graduation,Together,2316,3
729,50,76171.29,25,1019.45,30.62,619.67,170.97,100.25,119.6,5,1,13,2,1,0,2,0,1,0,0,0,0,Basic,Married,2993,3
730,18,64708.5,14,620.69,0.19,375.15,91.65,23.86,31.44,8,8,10,5,4,1,2,0,0,1,1,0,0,Graduation,Single,1256,1
731,38,75553.05,35,1225.92,49.82,300.89,0.0,105.41,104.31,4,4,13,2,3,0,2,1,0,0,0,0,0,Graduation,Together,284,3
732,41,78550.23,53,755.44,66.84,286.68,53.03,47.85,133.71,7,6,9,4,4,0,0,1,1,1,0,0,0,2n Cycle,Divorced,2722,1
733,31,23774.95,8,153.36,11.68,30.41,25.49,11.41,23.82,0,2,2,5,3,2,0,0,0,0,0,0,1,PhD,Married,3538,2
734,56,36318.42,32,11.09,7.25,66.02,23.02,11.08,36.11,3,0,7,6,4,1,2,0,0,1,0,0,0,PhD,Widow,2982,2
735,46,33794.76,55,186.65,13.11,143.8,44.94,8.67,10.06,4,2,2,6,1,2,2,0,0,0,0,0,0,PhD,Divorced,2831,2
736,48,10145.96,77,187.33,13.39,96.55,34.46,6.02,30.29,1,1,1,6,0,1,0,0,0,0,0,0,0,Graduation,Married,2642,2
737,40,27184.21,12,176.15,14.0,41.9,17.28,12.62,30.37,0,0,3,5,2,1,1,0,0,1,0,0,0,Master,Widow,1105,0
738,37,78300.42,88,1247.38,65.19,752.0,180.43,102.01,90.17,2,5,6,7,2,0,2,1,1,0,0,1,0,PhD,Divorced,2001,3
739,27,25381.68,5,273.94,37.57,240.28,4.61,37.86,46.52,5,0,5,9,2,0,0,0,0,0,0,0,0,PhD,Single,3359,0
740,18,74740.6,24,471.19,70.28,360.18,52.2,64.43,101.24,6,2,9,5,1,1,1,0,1,0,0,1,0,PhD,Widow,3262,1
741,55,17918.02,0,98.72,22.97,74.73,32.49,14.77,16.52,3,0,2,5,1,2,1,0,0,0,0,0,0,Graduation,Single,2690,2
742,50,21869.08,95,174.44,17.87,137.12,38.44,17.64,28.75,0,2,3,5,1,2,0,0,0,0,0,0,0,PhD,Single,845,2
743,23,23198.47,87,362.98,8.93,67.9,55.72,30.72,40.81,4,2,6,7,2,1,2,0,0,0,0,0,0,PhD,Widow,54,0
744,46,42554.48,74,207.72,22.47,119.92,28.01,34.37,15.58,1,0,3,2,4,2,1,0,0,1,0,1,0,2n Cycle,Together,1689,2
745,42,81090.18,61,592.72,9.69,109.14,146.21,21.42,83.88,1,1,9,2,2,0,0,0,1,1,1,1,0,Master,Widow,3005,1
746,26,24640.85,88,409.38,23.05,254.66,45.77,34.47,20.92,3,0,6,4,4,1,1,0,0,0,0,0,0,Basic,Single,789,0
747,37,32856.26,5,124.84,17.89,135.22,10.02,22.47,18.98,5,3,4,6,0,1,2,0,0,0,0,0,0,Graduation,Divorced,1566,2
748,39,26643.87,64,215.62,8.85,96.61,50.07,12.15,24.67,4,2,4,6,0,1,1,0,0,0,0,0,0,Graduation,Together,3419,2
749,47,30394.35,18,148.85,0.0,93.94,22.72,8.17,9.69,2,0,1,8,4,2,2,0,0,0,1,0,0,Graduation,Single,944,2
750,40,23004.92,34,221.42,12.3,32.03,9.37,13.87,19.82,1,1,5,4,2,1,2,0,0,0,0,0,0,2n Cycle,Widow,2098,2
751,31,11392.79,59,233.24,28.62,115.61,81.19,48.51,54.35,0,3,5,7,5,0,2,0,0,0,0,0,0,2n Cycle,Together,1679,2
752,49,28566.2,81,173.24,17.56,96.78,33.0,8.74,18.79,1,0,3,3,0,1,2,0,0,0,0,0,0,Graduation,Widow,1316,2
753,60,16216.47,95,147.92,18.07,119.87,10.5,15.75,21.5,2,1,8,8,2,2,0,0,0,0,0,0,0,PhD,Single,1720,2
754,40,65826.08,44,829.41,43.39,395.79,63.84,0.0,188.47,5,3,9,6,0,0,1,0,0,1,1,0,0,2n Cycle,Divorced,1869,3
755,47,30386.07,77,230.79,23.28,117.87,8.29,6.98,33.79,4,0,3,4,4,2,1,0,0,0,0,0,0,Master,Widow,2835,0
756,23,30546.82,69,222.26,16.37,242.0,35.21,36.91,33.1,2,2,5,7,3,2,1,0,0,0,0,0,0,2n Cycle,Single,2581,0
757,33,97977.52,34,499.75,66.47,486.63,96.86,59.94,64.36,7,3,10,5,3,1,1,0,1,0,1,1,0,PhD,Together,1350,3
758,25,45304.2,8,225.25,9.73,67.43,10.99,11.27,18.31,1,2,4,5,1,1,0,0,0,0,0,0,0,PhD,Single,3044,0
759,31,90878.89,13,478.46,47.1,295.65,111.08,79.11,0.0,9,8,10,5,4,1,2,1,1,0,0,1,0,Basic,Single,1912,1
760,48,69659.86,16,944.12,47.51,416.0,54.76,60.14,108.72,11,4,10,6,1,1,1,1,1,0,1,1,0,Graduation,Widow,84,1
761,42,86694.88,92,627.3,28.77,305.11,130.98,59.64,115.91,2,2,6,6,2,0,2,0,1,0,0,0,0,Master,Married,1839,1
762,31,18740.03,62,226.09,21.92,100.65,43.17,32.22,36.87,4,1,6,4,2,2,2,0,0,0,0,0,0,PhD,Married,225,0
763,42,68722.64,30,723.56,118.04,295.51,233.73,60.81,172.39,7,1,9,5,2,0,1,1,1,0,0,0,0,PhD,Divorced,1146,3
764,45,30186.69,73,169.04,13.9,72.38,28.68,13.88,26.39,2,0,4,6,4,2,2,0,0,0,0,0,0,Basic,Divorced,1487,2
765,18,43689.94,2,254.11,15.17,257.43,40.61,11.65,34.02,1,3,6,4,3,0,2,0,0,0,0,0,0,Basic,Single,2019,0
766,33,26437.25,78,447.55,23.15,123.1,48.18,30.05,47.18,2,1,5,4,5,2,2,0,0,0,0,0,0,2n Cycle,Divorced,1336,2
767,20,74045.2,54,591.71,26.09,401.46,75.75,53.79,107.15,8,3,10,5,2,0,1,1,1,1,0,0,0,2n Cycle,Widow,1243,1
768,55,32418.35,38,139.9,13.27,96.36,32.96,14.79,18.81,3,0,8,5,0,2,1,0,0,0,0,0,0,PhD,Divorced,1009,2
769,56,40573.22,73,70.27,12.23,69.16,29.5,24.92,37.21,0,2,2,6,7,2,1,0,0,0,0,1,0,Graduation,Together,3081,2
770,36,90441.56,8,810.87,91.61,313.46,164.66,53.32,175.18,6,1,10,4,1,0,2,1,0,0,1,1,0,Graduation,Widow,289,3
771,47,30880.67,7,73.59,17.99,129.79,39.96,11.4,17.96,0,0,2,11,1,1,2,1,0,0,0,0,0,Graduation,Single,3601,2
772,25,22886.31,98,303.06,19.48,201.15,34.04,40.87,69.14,1,1,11,3,2,0,1,1,0,0,0,0,0,Master,Single,2522,0
773,38,82389.14,97,1054.8,66.12,679.36,176.28,78.28,117.8,6,1,7,7,1,1,1,1,0,1,0,0,0,Basic,Together,2757,3
774,20,43023.34,63,309.65,33.27,147.08,51.28,33.3,57.03,1,1,5,7,4,1,2,0,0,0,0,1,0,Graduation,Together,294,2
775,23,105044.2,20,512.31,60.4,558.22,87.46,50.22,48.57,6,8,12,4,1,1,0,0,1,0,1,1,0,PhD,Widow,3644,1
776,33,12990.64,58,249.95,18.08,130.38,36.07,14.02,14.64,0,2,3,1,2,1,1,0,0,0,0,0,0,Basic,Together,1555,2
777,27,27779.02,88,367.66,23.13,0.0,46.55,30.01,36.39,0,1,4,6,1,1,0,0,0,1,0,0,0,PhD,Single,799,0
778,39,80036.77,96,690.76,57.18,257.66,56.62,23.51,72.85,4,7,11,6,0,1,2,0,1,0,0,0,0,Basic,Married,2299,1
779,42,107996.64,14,424.45,48.16,121.01,139.69,0.0,109.85,9,2,13,3,1,1,1,1,0,1,0,1,0,Master,Single,977,1
780,33,23058.12,89,296.5,23.86,230.83,0.0,34.01,54.18,4,0,7,7,3,0,0,1,0,0,0,0,0,Basic,Together,1646,0
781,21,22826.43,34,283.32,41.53,201.46,44.19,23.11,10.31,4,4,1,6,3,1,2,0,0,0,0,0,0,2n Cycle,Divorced,598,2
782,25,21718.69,55,317.2,41.26,232.88,4.7,22.28,0.0,4,3,2,8,3,0,1,0,0,0,0,1,0,2n Cycle,Together,1988,0
783,18,98857.38,28,397.55,22.21,423.93,44.69,70.27,73.89,8,4,14,3,4,1,2,0,0,0,0,0,0,Graduation,Together,1033,1
784,30,104053.67,40,738.96,66.36,394.13,63.68,23.61,50.71,7,6,16,1,3,0,1,0,0,0,0,1,0,Basic,Single,472,1
785,38,109368.58,84,446.93,36.92,466.31,57.67,54.36,84.58,6,3,10,7,4,0,2,1,0,1,1,1,0,2n Cycle,Married,2570,1
786,38,107739.61,42,908.18,114.35,271.08,126.78,94.3,50.69,7,5,5,10,3,0,1,0,0,1,0,0,0,Graduation,Single,2970,3
787,44,5113.33,22,240.97,21.4,111.04,35.37,4.4,22.14,4,1,3,6,1,2,1,0,0,0,1,0,0,2n Cycle,Single,3092,2
788,41,36752.44,58,177.87,15.21,105.61,15.15,14.34,10.81,3,1,2,5,3,1,0,0,0,0,0,1,0,Basic,Together,2482,2
789,42,77137.72,12,514.55,34.0,86.27,89.56,64.05,38.94,5,5,12,3,3,1,1,1,1,0,0,0,0,Basic,Widow,3557,1
790,31,90031.64,52,755.42,64.81,447.56,141.8,97.27,62.25,6,5,10,7,3,0,1,0,0,1,1,0,0,Graduation,Divorced,2684,3
791,27,29683.38,54,272.55,23.76,248.07,32.62,21.85,13.69,4,1,5,10,0,1,1,0,0,1,1,0,0,PhD,Divorced,2890,2
792,28,14569.07,81,294.17,19.83,109.1,68.82,29.41,35.6,2,2,4,4,1,1,2,0,0,0,0,0,0,Basic,Single,3468,0
793,40,24672.82,73,150.4,11.52,123.16,25.2,18.89,11.93,2,1,2,3,3,2,0,0,0,0,0,0,0,PhD,Together,3585,2
794,41,7906.34,11,184.17,0.0,148.51,17.98,16.57,23.29,2,0,4,7,6,1,1,0,1,0,0,0,0,Master,Single,2637,0
795,34,25791.38,40,282.0,17.2,56.26,36.2,14.94,15.89,1,2,4,5,1,1,2,0,0,0,1,0,0,2n Cycle,Single,3261,2
796,21,24481.99,51,292.45,13.02,103.28,27.56,19.65,32.37,4,1,1,4,2,0,2,0,0,0,1,0,0,Graduation,Divorced,2304,2
797,49,22512.02,82,126.09,16.23,35.73,10.16,10.28,31.72,2,0,5,4,1,1,1,0,0,0,0,0,0,PhD,Divorced,2324,2
798,51,30859.6,94,252.95,18.48,59.95,32.84,11.78,32.47,1,2,5,6,2,1,1,0,0,0,0,0,0,2n Cycle,Single,3175,2
799,20,24419.77,49,271.11,30.18,73.6,87.86,10.71,7.17,4,2,5,7,2,2,0,1,0,0,1,0,0,Master,Together,822,0
800,42,40491.16,99,130.73,12.08,21.9,14.24,12.49,30.78,2,1,2,4,1,1,1,0,0,0,0,0,0,Master,Widow,3164,0
801,21,14213.76,52,168.6,5.6,160.8,88.02,21.79,10.82,2,1,1,5,3,2,0,1,0,1,0,0,0,Graduation,Married,2327,0
802,60,30337.9,58,113.9,3.55,61.78,32.26,17.99,26.8,2,0,2,6,4,2,1,1,0,1,0,0,0,Basic,Married,1174,0
803,21,33494.51,13,219.78,11.64,107.17,42.45,43.93,27.26,3,1,4,5,2,0,0,1,0,0,0,0,1,Basic,Widow,751,0
804,48,22032.53,36,227.04,29.56,90.5,9.61,13.07,28.04,1,1,3,3,2,1,2,0,0,0,0,0,0,PhD,Widow,3569,2
805,37,86235.31,16,812.89,36.77,508.62,125.11,48.56,140.59,2,1,4,7,4,0,1,0,0,0,0,1,0,Master,Widow,2017,1
806,46,88928.42,0,887.5,71.79,143.44,164.89,75.22,78.18,1,2,14,6,2,0,0,1,0,0,0,1,0,Graduation,Divorced,99,3
807,25,29542.03,94,384.19,32.02,230.11,10.17,21.06,10.5,5,1,1,4,1,2,2,1,0,0,0,0,0,Graduation,Married,1480,0
808,47,94173.27,63,1122.84,30.47,585.76,132.7,48.81,124.93,4,7,6,5,2,0,2,0,0,0,0,0,0,2n Cycle,Divorced,2356,3
809,28,21866.16,44,369.46,17.37,304.76,51.62,14.64,51.46,1,1,3,6,1,0,0,0,0,0,0,0,0,Basic,Married,276,0
810,32,64574.95,78,388.65,79.61,891.69,126.52,53.98,133.91,5,1,4,5,3,0,1,0,1,0,0,0,0,Graduation,Widow,813,3
811,29,24987.79,92,145.64,19.98,211.38,21.33,28.91,37.76,7,1,4,9,2,1,2,0,0,1,0,0,0,Basic,Together,3119,0
812,34,112728.98,26,868.97,58.54,97.35,142.53,49.21,73.64,7,3,10,3,2,0,1,0,0,0,0,0,0,Master,Widow,2351,1
813,30,24871.87,40,251.45,25.64,135.04,71.81,3.25,34.34,0,1,6,4,1,0,1,0,0,0,0,0,0,Graduation,Divorced,2058,2
814,37,22086.49,94,189.0,31.24,60.8,20.64,12.85,9.87,2,0,3,5,4,1,0,0,0,0,0,0,1,2n Cycle,Single,769,2
815,50,52128.54,56,163.27,10.31,21.57,37.09,10.26,20.3,2,1,2,5,2,1,0,0,0,0,0,0,0,2n Cycle,Widow,2986,2
816,34,20589.36,16,146.41,18.34,78.23,0.0,14.88,17.86,4,0,5,4,2,2,2,0,0,0,0,0,0,Basic,Widow,3394,0
817,36,18422.3,32,162.09,23.59,37.66,0.68,5.65,23.46,1,1,7,2,1,1,1,1,0,0,0,0,0,Graduation,Widow,2307,2
818,24,31092.34,77,482.3,35.37,18.0,27.97,26.11,20.69,2,3,3,6,3,2,0,0,0,0,0,0,0,PhD,Single,1238,0
819,30,90784.6,68,933.42,78.86,516.08,109.77,54.5,126.18,8,6,7,5,2,0,1,0,0,0,0,1,0,Master,Married,988,1
820,20,18663.78,94,261.46,28.15,174.43,37.76,46.76,43.04,8,1,1,1,7,2,1,0,0,0,0,0,0,Graduation,Together,878,2
821,35,87904.33,10,870.43,40.16,499.88,203.43,0.0,32.8,2,2,10,2,3,0,0,0,0,0,0,0,0,PhD,Single,1984,3
822,24,27132.47,74,284.8,24.58,116.61,69.57,17.66,16.38,6,2,3,5,2,2,1,1,0,0,1,0,0,Master,Widow,2177,0
823,35,29219.13,68,107.87,16.64,136.25,51.36,2.39,17.77,5,3,7,6,1,1,0,0,0,0,0,0,0,PhD,Single,1842,0
824,26,20140.94,76,457.24,25.84,272.3,55.98,22.83,35.27,5,2,4,8,0,0,0,0,0,0,0,0,0,Graduation,Together,908,2
825,22,69353.75,8,722.29,31.45,486.69,24.8,6.76,90.27,4,9,10,2,1,1,1,1,1,1,1,0,0,Basic,Widow,845,1
826,21,25955.3,72,218.47,21.25,0.0,13.3,24.82,22.66,1,2,4,6,4,1,2,0,0,1,0,0,0,Basic,Single,3153,0
827,33,32250.74,84,271.97,15.92,104.36,40.37,18.52,16.66,0,1,3,9,2,1,0,0,0,0,0,0,0,PhD,Married,1070,0
828,46,86715.64,19,390.49,16.28,333.46,102.55,31.06,52.54,9,2,4,6,1,0,1,0,0,0,0,0,0,2n Cycle,Married,905,1
829,36,92820.57,58,635.0,68.58,385.45,71.23,36.36,80.7,6,2,8,6,1,0,2,1,0,1,0,0,1,PhD,Widow,871,3
830,59,35004.72,44,205.87,17.5,81.26,25.48,19.09,15.75,4,1,4,7,1,1,1,0,0,0,1,0,0,Basic,Married,43,0
831,32,76801.82,25,531.7,50.26,389.21,60.24,45.13,85.32,4,4,8,9,2,1,0,0,1,0,0,0,0,Graduation,Single,53,1
832,30,23201.4,49,291.13,10.56,180.16,15.73,14.17,36.44,3,0,2,7,0,1,2,0,0,1,0,0,0,Master,Together,997,0
833,54,21591.26,46,122.04,11.19,0.0,27.28,15.33,20.04,3,2,3,2,3,2,1,0,1,0,0,0,0,Graduation,Divorced,2145,2
834,40,97090.09,89,1018.26,25.04,478.45,243.91,41.48,84.2,3,4,8,4,1,0,1,0,0,0,0,0,0,Basic,Single,2942,3
835,40,69767.56,55,1231.21,84.19,335.57,164.37,107.31,51.96,10,4,7,5,5,0,2,1,0,0,0,0,0,2n Cycle,Single,2222,3
836,42,31656.38,83,190.07,15.87,154.3,34.35,14.84,22.58,4,2,3,6,3,1,1,0,0,0,0,0,0,Master,Married,927,0
837,24,30298.92,78,211.28,24.16,131.77,77.16,17.5,21.92,2,2,4,3,2,2,1,1,1,0,0,0,0,Basic,Divorced,3233,0
838,31,26944.44,96,93.76,11.3,153.21,21.85,17.97,18.56,1,1,3,4,2,2,0,0,0,0,0,0,0,2n Cycle,Together,3133,2
839,26,32172.18,25,309.07,30.45,106.79,41.44,26.66,13.46,4,2,4,7,1,2,1,0,0,0,0,0,0,2n Cycle,Together,1877,0
840,25,17889.65,26,491.65,36.08,227.51,37.2,37.5,40.89,2,0,10,6,1,0,2,0,1,0,0,0,0,Basic,Single,2410,0
841,23,32992.91,15,173.24,23.57,147.18,19.84,37.89,68.79,2,0,4,3,3,1,2,0,0,0,0,0,0,Basic,Single,1338,0
842,18,24640.17,30,304.72,31.96,52.57,46.1,7.58,26.25,7,2,6,7,1,2,0,0,0,0,0,0,0,Basic,Single,1278,0
843,21,25704.47,58,347.09,38.59,89.48,56.01,3.64,18.98,3,0,3,4,2,0,0,1,0,0,0,0,0,Basic,Divorced,94,0
844,42,79378.67,49,1316.4,94.94,300.77,156.99,52.43,57.69,8,2,11,12,0,0,0,0,0,1,0,0,0,Master,Single,1848,1
845,62,37611.93,52,176.82,16.16,111.59,45.44,4.04,30.87,1,1,1,4,1,2,1,0,0,0,0,0,0,2n Cycle,Together,467,2
846,20,12010.3,40,470.91,32.3,244.12,37.11,21.74,38.88,2,1,6,1,5,0,0,0,1,1,0,0,0,2n Cycle,Married,753,0
847,24,32545.4,84,180.6,20.37,139.4,25.44,32.23,57.4,0,1,4,2,0,1,2,1,0,0,0,1,0,Basic,Married,2081,0
848,33,79062.01,19,643.09,47.05,517.22,131.77,45.26,54.53,5,0,11,5,1,1,2,1,1,0,0,1,0,Graduation,Widow,195,1
849,23,5793.35,65,400.6,20.6,62.2,33.7,28.35,35.42,4,3,3,8,3,2,2,0,1,0,1,0,0,Master,Widow,553,0
850,50,91687.59,44,1385.93,58.83,308.05,122.55,73.18,9.89,6,3,9,7,5,0,2,0,0,1,0,0,0,Graduation,Widow,2568,3
851,41,107032.2,91,678.07,54.83,603.72,105.07,134.22,76.08,3,2,7,9,2,0,0,0,0,1,0,0,0,2n Cycle,Widow,3337,3
852,52,22153.97,36,82.88,19.37,82.14,41.37,14.41,13.17,1,2,2,6,0,1,2,0,0,0,0,0,0,Basic,Divorced,3078,2
853,55,21685.49,83,201.59,6.64,69.59,19.35,11.28,38.08,1,2,2,5,0,1,1,0,0,0,0,0,0,Graduation,Divorced,2230,2
854,44,87247.85,35,911.73,118.07,252.1,71.8,48.26,102.77,7,2,4,4,3,0,1,0,0,1,1,0,0,Graduation,Widow,3209,3
855,34,78890.41,13,904.54,129.24,523.61,74.06,68.08,65.79,9,3,11,5,5,0,0,1,0,0,1,0,0,Master,Divorced,2127,1
856,45,80797.4,23,843.98,52.37,139.69,140.49,92.77,129.34,4,1,4,7,3,0,0,0,1,0,0,0,0,2n Cycle,Divorced,2249,3
857,62,31825.97,33,189.69,16.19,76.91,32.21,14.83,31.0,2,4,1,4,0,2,1,0,0,0,0,0,0,2n Cycle,Widow,1334,2
858,36,86464.99,71,1013.08,52.53,266.07,192.56,104.89,124.41,7,4,10,4,1,0,0,1,0,0,0,0,0,PhD,Married,1739,3
859,27,75470.64,2,601.52,43.08,473.83,41.9,43.34,53.45,10,4,10,7,2,0,0,1,1,1,0,0,0,PhD,Together,1445,1
860,44,31602.31,9,237.72,25.1,121.58,30.92,12.13,27.42,1,0,6,5,4,2,2,0,0,0,0,0,0,2n Cycle,Married,1901,0
861,31,82310.07,73,1066.71,37.95,150.38,151.18,69.06,88.53,11,5,9,6,4,1,0,1,1,1,0,1,0,Master,Together,679,1
862,42,87918.91,64,975.4,92.09,163.66,130.76,47.36,69.88,7,1,17,2,0,1,0,1,0,1,0,0,0,Graduation,Married,2390,3
863,34,73787.7,36,1210.7,37.97,260.51,145.14,58.59,51.76,8,5,9,8,4,1,0,0,0,0,0,0,0,Basic,Married,1696,1
864,29,27117.46,39,199.36,24.25,115.06,87.67,26.78,0.0,2,3,4,7,1,2,2,0,0,0,0,0,0,Graduation,Divorced,1427,2
865,34,81034.63,54,444.23,33.7,467.83,114.03,53.1,77.99,6,2,6,2,6,1,0,0,1,1,0,0,0,PhD,Divorced,752,3
866,18,32052.75,94,278.82,36.96,118.74,34.79,30.0,17.55,1,2,5,2,4,0,1,0,0,0,1,0,0,2n Cycle,Widow,3618,0
867,30,90427.93,96,724.18,65.02,237.89,57.51,69.45,57.81,7,6,11,6,2,0,1,0,1,1,1,0,0,Basic,Widow,929,1
868,48,99405.09,96,985.56,67.18,552.57,88.69,35.37,68.79,8,1,6,6,0,0,1,0,0,0,1,0,0,PhD,Married,445,3
869,33,97905.0,63,1559.98,66.84,850.33,158.57,50.2,129.17,6,0,7,4,3,0,0,1,0,0,1,0,0,Graduation,Together,1962,3
870,29,71657.96,23,738.41,54.71,178.17,76.57,42.36,65.71,6,4,18,3,4,0,0,0,1,1,0,0,0,Basic,Single,3637,1
871,22,17062.42,30,272.46,28.47,41.74,19.61,15.43,25.03,4,0,5,2,3,0,1,0,0,1,1,0,0,2n Cycle,Single,791,0
872,42,114277.64,41,722.76,80.41,77.38,106.06,72.89,152.63,6,2,8,4,2,0,2,0,0,0,1,0,0,2n Cycle,Married,880,3
873,27,44521.1,52,190.93,9.69,24.15,0.0,5.69,22.51,2,3,3,6,4,2,2,0,0,0,0,0,0,Master,Married,599,0
874,23,26550.09,12,295.89,39.03,108.01,92.5,16.17,51.33,3,0,4,5,3,1,1,0,1,0,0,0,0,Basic,Married,3173,0
875,54,19078.66,35,114.11,12.23,52.17,22.4,13.07,21.88,4,1,2,6,1,1,0,0,0,0,0,0,0,Master,Divorced,2227,2
876,37,28793.96,99,302.03,15.39,31.49,31.41,2.78,31.26,2,2,1,7,0,2,0,0,0,0,0,0,0,PhD,Divorced,3511,2
877,48,103665.75,36,1067.52,72.49,432.14,244.36,69.82,155.23,6,2,4,5,3,0,2,0,0,0,1,1,0,2n Cycle,Divorced,1697,3
878,63,35133.67,57,77.72,13.4,168.68,53.42,12.54,26.76,2,3,3,2,1,1,0,0,0,0,0,0,0,PhD,Together,2067,2
879,28,84969.18,93,1075.35,74.24,588.52,153.01,1.29,52.84,1,1,12,4,0,0,2,1,1,1,0,0,0,PhD,Widow,630,1
880,56,75188.55,50,753.82,65.08,0.0,142.98,0.0,134.06,7,5,10,11,2,0,2,0,0,0,0,0,0,2n Cycle,Married,1446,3
881,47,85502.53,56,438.56,42.25,686.53,112.56,72.52,68.86,4,3,8,8,3,0,0,1,0,1,0,1,0,Basic,Single,2726,1
882,36,84000.82,3,586.39,65.71,442.98,128.38,41.89,31.28,8,3,12,4,2,1,0,1,1,0,1,0,0,2n Cycle,Single,2549,1
883,35,92700.55,90,372.32,43.28,792.23,100.52,87.57,88.29,10,3,9,3,4,1,2,1,0,0,1,0,0,2n Cycle,Single,538,1
884,41,71438.78,55,825.97,4.91,474.66,120.17,35.59,157.52,2,1,5,7,2,0,0,0,0,1,0,0,0,Master,Divorced,3277,3
885,24,32652.88,25,162.72,6.85,106.05,22.74,11.15,6.28,3,2,4,3,0,2,2,0,0,1,0,0,0,PhD,Single,622,0
886,35,95370.0,11,394.43,109.33,140.44,106.15,57.79,26.76,4,3,7,3,0,0,2,0,0,0,0,0,0,PhD,Married,3296,3
887,48,29257.21,15,105.07,15.44,136.17,33.63,21.58,32.76,2,3,5,7,1,1,0,0,0,0,0,0,0,Graduation,Divorced,2804,2
888,36,96967.52,67,681.04,91.05,363.17,121.75,76.55,98.79,1,1,9,6,0,0,2,1,0,0,0,0,0,Master,Divorced,1728,3
889,27,22215.4,16,189.16,4.44,34.13,0.0,18.15,17.52,2,3,3,7,0,2,2,0,0,0,0,0,0,Master,Single,2803,0
890,42,88027.64,93,1096.85,38.47,638.31,67.97,33.16,141.32,10,4,12,0,1,0,2,0,1,1,0,0,0,2n Cycle,Single,410,1
891,25,24491.27,8,185.34,14.06,179.42,23.15,18.26,42.99,2,1,6,9,3,0,0,0,0,0,0,0,0,Basic,Together,616,0
892,25,29932.46,28,491.04,21.34,134.99,29.15,15.4,31.74,1,3,6,6,2,2,2,0,1,0,0,1,0,PhD,Divorced,1574,2
893,30,20345.17,62,232.84,14.8,91.25,43.2,11.0,17.93,4,3,4,5,3,0,2,0,0,1,0,0,0,PhD,Together,3146,2
894,42,68422.53,78,504.83,68.89,344.39,46.58,75.44,73.82,6,3,17,6,2,1,2,1,1,1,1,0,0,Master,Married,1720,1
895,25,41499.07,20,261.75,18.36,117.22,61.48,23.33,15.15,2,2,3,5,7,1,2,0,0,0,0,1,0,2n Cycle,Together,3250,0
896,21,44820.51,60,448.63,56.21,525.76,143.98,56.45,73.0,7,2,7,5,0,0,2,0,0,1,0,0,0,Basic,Together,1546,3
897,22,16621.74,50,280.03,28.12,18.8,45.26,25.28,32.24,6,1,3,3,2,1,1,0,1,0,0,0,0,Master,Widow,557,0
898,28,90848.71,91,637.55,43.39,47.01,112.21,101.41,85.2,8,4,14,5,2,1,2,1,1,0,1,1,0,2n Cycle,Together,180,1
899,36,88487.89,18,523.01,38.5,183.7,102.81,45.77,127.18,6,2,7,8,2,1,1,1,0,1,0,0,1,Graduation,Together,2357,3
900,41,22705.15,50,222.82,15.8,166.91,19.27,4.63,7.11,2,2,1,1,0,1,0,0,0,0,0,0,0,PhD,Widow,3597,2
901,50,21433.99,45,289.9,17.3,110.75,31.26,14.11,14.79,4,0,6,5,3,2,0,0,0,0,0,0,0,2n Cycle,Divorced,3098,2
902,55,27434.69,0,206.11,14.57,99.87,39.35,13.0,32.87,4,0,4,6,0,1,1,0,0,0,0,0,0,Graduation,Single,1613,2
903,33,81323.22,69,814.31,50.63,345.3,0.95,45.5,68.11,7,5,7,4,2,0,0,1,0,1,0,0,0,PhD,Widow,460,1
904,46,99461.71,35,834.43,113.05,493.83,84.88,105.16,84.95,2,3,8,3,2,0,2,0,1,0,1,1,0,2n Cycle,Divorced,2878,3
905,48,74504.29,28,852.53,58.24,477.41,79.57,22.4,90.88,9,6,10,4,0,0,2,0,0,1,0,0,0,Basic,Single,2440,1
906,21,15575.98,49,355.57,14.11,309.3,30.91,15.49,37.95,3,0,6,3,5,2,1,0,1,0,0,0,0,Graduation,Together,2674,2
907,28,31552.16,39,324.47,27.86,130.08,75.18,16.96,39.66,1,3,3,6,1,0,2,0,1,1,0,0,0,PhD,Widow,2691,0
908,29,86359.7,68,511.82,36.07,134.32,70.99,54.71,122.2,6,5,14,7,3,1,0,0,0,1,0,1,0,Master,Together,3107,1
909,25,31848.3,2,349.23,14.92,314.5,7.93,35.0,40.26,4,0,8,7,2,0,1,0,0,0,0,0,0,Master,Together,1562,0
910,28,84272.18,50,991.96,79.34,242.59,41.99,41.54,74.3,11,2,13,5,2,1,0,1,0,0,0,0,0,2n Cycle,Married,1185,1
911,27,29026.69,98,229.47,13.94,59.54,28.57,5.93,11.27,1,4,4,4,2,1,2,0,0,0,0,0,1,PhD,Divorced,338,2
912,37,21452.0,81,231.08,12.63,114.12,38.28,12.29,32.35,4,2,1,2,3,1,2,0,0,1,0,0,0,PhD,Together,2644,2
913,45,75969.65,34,777.73,115.33,22.64,98.96,120.59,112.12,2,2,7,6,3,0,1,1,0,0,0,0,0,PhD,Together,191,3
914,25,40837.3,80,382.6,24.63,134.16,49.75,13.57,27.32,1,3,9,5,1,2,1,0,0,0,0,0,0,Master,Single,1252,0
915,32,96169.55,83,409.41,10.96,268.8,38.54,56.76,59.99,5,6,9,13,1,1,1,1,1,1,1,0,0,Graduation,Divorced,1656,1
916,40,99014.34,63,532.18,49.95,461.28,156.46,85.65,37.06,9,2,7,2,0,0,2,1,0,1,0,1,0,Basic,Widow,760,1
917,31,27551.26,37,167.98,15.56,123.81,40.42,21.03,21.13,2,0,1,5,1,1,2,0,0,0,0,0,0,Basic,Divorced,1546,2
918,38,20939.14,68,122.63,15.58,174.84,10.24,15.25,14.44,1,1,2,5,2,1,0,0,0,0,0,0,0,PhD,Widow,1146,2
919,22,25308.92,66,234.57,22.21,249.59,39.47,27.74,22.16,1,4,8,4,2,0,0,0,0,0,1,0,0,Basic,Together,1255,0
920,40,87853.04,1,903.63,37.43,520.17,128.93,87.3,101.32,9,1,9,7,3,0,0,1,1,1,0,0,0,Graduation,Married,1430,1
921,34,78485.53,68,684.54,61.61,405.55,50.66,88.58,102.26,3,1,4,4,0,0,0,1,0,1,0,0,0,2n Cycle,Single,3387,3
922,48,113596.4,3,596.16,113.88,643.35,110.31,60.37,127.83,2,3,9,9,1,0,0,0,0,0,1,0,0,Graduation,Widow,2626,3
923,26,30302.73,53,144.71,22.91,81.14,28.57,18.7,20.91,2,1,2,3,5,1,1,0,0,0,0,0,0,Master,Single,141,0
924,29,33306.24,61,174.32,0.69,199.83,49.06,22.24,23.69,5,2,6,6,2,1,2,0,1,0,0,0,0,Basic,Single,1619,0
925,44,103285.23,52,407.06,51.77,628.74,49.03,70.98,78.87,10,2,9,6,1,1,2,0,0,0,0,0,0,Master,Together,1311,3
926,24,91999.95,26,418.63,57.66,566.61,51.27,40.64,51.57,10,3,9,7,0,0,0,0,0,1,1,1,0,PhD,Single,1484,1
927,38,85727.99,17,707.45,79.92,250.88,87.82,81.94,74.69,12,2,5,2,1,0,1,0,0,1,0,0,0,Master,Together,813,1
928,49,90924.25,34,972.27,32.44,737.03,128.81,31.12,105.95,7,6,8,10,2,0,0,1,0,0,0,0,0,Basic,Divorced,2023,3
929,26,90220.23,60,612.32,24.38,360.38,66.13,24.57,107.55,13,4,18,5,2,1,1,1,0,1,1,1,0,PhD,Divorced,1285,1
930,41,33081.73,11,182.82,14.87,92.84,9.33,8.59,22.93,2,2,1,7,1,1,0,0,0,1,1,0,0,Master,Widow,1495,0
931,21,13518.06,74,285.71,25.02,144.49,2.68,12.25,31.73,4,2,7,6,4,0,2,0,0,0,0,1,0,Graduation,Widow,1539,0
932,35,80261.24,29,706.13,89.64,479.08,66.75,36.56,61.5,7,8,13,3,3,1,1,0,0,0,0,0,0,Master,Married,3014,1
933,56,33022.96,50,169.43,18.72,89.16,20.11,18.2,8.93,2,2,7,5,6,2,0,0,0,0,0,1,0,2n Cycle,Widow,700,0
934,41,105759.33,22,361.55,72.57,0.0,97.39,72.37,131.14,4,4,7,4,1,0,0,0,1,1,0,0,0,2n Cycle,Together,2449,3
935,26,75707.35,3,1066.08,98.85,186.56,86.34,96.81,101.99,8,1,5,5,3,0,1,0,1,0,0,0,0,Master,Divorced,2117,3
936,45,108453.2,61,760.83,52.26,539.96,157.47,33.06,103.7,5,5,13,2,1,1,0,0,1,0,1,0,0,Master,Widow,247,1
937,20,30085.43,34,297.65,34.6,153.96,42.23,29.63,56.05,1,1,6,6,3,0,1,0,0,1,0,0,0,Graduation,Married,2802,0
938,31,69873.45,78,991.35,30.2,268.95,61.84,84.8,94.02,6,3,17,2,1,0,1,1,1,1,0,1,0,2n Cycle,Married,1533,1
939,31,79228.32,6,540.81,75.34,136.35,56.83,54.96,0.0,6,3,10,7,3,1,2,0,1,1,1,0,0,Basic,Widow,617,1
940,48,106613.82,28,1219.36,70.8,159.99,62.77,49.42,62.62,4,2,7,7,0,0,1,1,1,1,0,1,0,2n Cycle,Together,694,3
941,61,37248.25,0,134.46,9.47,29.38,27.31,17.56,19.64,6,0,2,14,2,2,1,0,0,0,0,0,0,Graduation,Married,1782,2
942,39,39558.83,4,167.52,10.46,64.36,11.8,19.92,15.06,1,1,4,6,2,1,2,0,0,0,0,0,0,Master,Widow,2733,0
943,23,36675.86,81,452.92,24.35,96.75,6.46,15.83,82.51,5,0,3,9,3,0,0,0,0,0,0,0,0,Graduation,Widow,1421,0
944,28,26114.01,12,224.0,22.38,34.16,53.45,2.07,27.48,0,0,2,4,0,2,0,0,0,0,0,1,0,PhD,Divorced,1713,2
945,22,88360.2,6,379.04,21.63,59.69,118.22,71.57,70.82,6,0,16,7,0,1,0,0,0,1,0,0,0,2n Cycle,Single,2575,1
946,57,25983.72,41,212.01,14.68,95.8,47.49,10.22,30.29,1,1,2,7,2,1,0,0,0,0,0,0,0,PhD,Together,3245,2
947,25,22318.5,46,294.03,28.1,117.52,50.58,18.88,0.0,0,1,1,5,4,2,1,1,1,0,0,0,0,2n Cycle,Divorced,1411,0
948,54,34190.17,44,88.68,10.96,148.74,49.39,13.16,21.41,4,0,5,3,0,1,2,0,0,1,0,0,0,Graduation,Married,980,2
949,48,77664.59,45,839.16,73.38,404.28,73.4,100.14,81.3,7,2,5,5,0,0,0,0,0,0,0,0,0,Basic,Divorced,408,3
950,23,35050.39,39,167.8,23.55,99.07,98.41,39.33,17.79,3,3,2,4,5,0,2,0,1,0,1,0,0,Graduation,Married,42,0
951,41,40341.72,49,219.15,14.63,137.35,10.29,12.77,3.9,0,0,1,9,4,2,0,0,0,0,0,0,0,Graduation,Divorced,3187,2
952,31,25565.19,73,170.99,34.12,57.67,20.19,29.3,54.69,4,1,4,4,0,2,2,0,0,0,0,0,0,Graduation,Widow,2083,2
953,29,24412.35,22,290.06,14.63,138.94,44.29,37.88,9.2,0,0,4,3,2,2,2,1,1,0,0,0,0,Graduation,Divorced,1699,2
954,29,87333.43,28,1203.49,66.02,325.48,92.62,77.98,124.44,3,5,9,8,1,0,1,0,0,1,0,0,0,PhD,Widow,2803,3
955,57,27968.53,50,188.92,20.44,142.8,38.42,6.02,27.12,2,0,3,4,3,2,2,0,0,0,0,0,0,PhD,Together,3515,2
956,24,26335.34,68,119.32,41.85,218.38,20.94,30.64,40.43,4,1,8,4,1,1,1,0,0,0,0,0,0,PhD,Divorced,252,2
957,38,91630.4,71,780.91,43.96,359.34,65.87,70.04,57.52,9,3,14,2,3,1,1,0,1,1,0,1,0,PhD,Divorced,1971,3
958,27,26791.1,43,135.19,22.0,36.58,10.66,26.49,15.02,0,7,5,4,2,1,0,0,0,0,0,0,0,PhD,Together,795,0
959,21,32345.81,86,262.22,19.23,146.19,40.87,47.74,67.26,2,2,5,3,0,1,1,1,0,0,0,0,0,Master,Single,1503,0
960,44,94565.17,46,1182.22,22.26,126.52,68.26,83.63,234.7,7,3,3,2,2,0,2,1,1,0,1,0,0,2n Cycle,Together,1652,3
961,37,85227.36,28,642.86,54.12,511.94,54.06,55.26,0.0,4,5,11,4,5,1,0,1,0,1,0,0,0,Master,Married,1062,1
962,18,35206.68,4,199.73,45.63,259.41,46.75,24.62,52.44,3,3,6,4,5,2,1,0,0,0,0,0,0,PhD,Married,3224,0
963,58,44720.84,3,207.9,8.66,79.85,22.32,11.86,25.69,1,1,3,5,4,1,2,0,1,0,0,0,0,PhD,Single,1369,2
964,20,33483.96,84,204.63,9.24,225.38,45.97,4.62,25.57,4,2,9,2,1,1,0,0,0,0,0,0,0,2n Cycle,Widow,2154,0
965,22,92075.53,49,715.91,54.99,166.84,113.88,34.75,122.06,9,2,8,7,1,0,1,1,1,1,0,0,0,Basic,Married,3536,1
966,40,70769.65,54,917.61,71.78,390.84,71.08,42.58,140.84,5,2,6,7,3,0,2,0,0,0,0,0,0,Basic,Divorced,2161,3
967,35,64899.21,55,669.14,63.82,489.41,129.05,51.18,122.09,4,2,7,6,2,1,0,1,1,0,1,0,0,Master,Single,1825,1
968,41,102072.14,36,622.87,58.91,370.46,103.12,28.11,10.12,8,1,11,7,1,0,2,1,0,0,0,0,0,Master,Married,1130,1
969,34,96539.38,14,596.79,83.5,283.78,132.22,0.0,123.34,2,5,10,4,2,0,0,0,0,0,0,0,0,2n Cycle,Together,787,3
970,37,94546.38,83,437.21,43.28,643.61,0.0,73.46,68.39,6,2,8,10,1,0,1,0,0,0,0,0,0,Graduation,Widow,3457,3
971,45,30888.0,56,97.05,14.7,90.2,16.14,15.4,1.7,4,0,3,4,1,2,1,0,0,0,0,0,0,Basic,Single,2490,2
972,48,87607.66,4,306.74,66.09,626.02,102.23,29.26,122.07,8,0,10,4,2,0,0,0,0,1,0,1,0,2n Cycle,Single,3124,3
973,33,100889.42,44,356.01,90.72,383.07,57.86,48.56,53.1,11,4,11,0,3,1,2,1,1,0,1,0,0,PhD,Married,2619,1
974,57,35898.07,56,212.23,13.02,33.22,23.49,15.89,14.93,0,1,2,6,0,1,0,0,0,0,0,0,0,PhD,Divorced,412,2
975,42,83846.28,78,687.15,69.21,378.58,152.76,60.26,98.42,4,3,8,4,1,0,1,0,0,0,1,1,0,Graduation,Divorced,2984,3
976,42,102810.29,99,656.07,42.17,315.39,72.72,35.95,91.1,11,6,13,9,0,0,0,0,0,1,1,1,0,Graduation,Together,768,3
977,26,105114.08,41,686.44,49.03,403.99,75.76,68.41,36.41,7,1,6,6,1,1,2,0,0,0,1,1,0,Master,Together,2270,1
978,46,38288.31,67,144.07,11.43,0.0,26.73,11.3,20.89,1,0,2,6,1,1,1,0,0,0,0,0,0,Master,Married,1614,0
979,32,116066.35,98,862.83,55.89,171.25,129.1,54.05,58.74,3,0,13,3,1,1,1,0,0,0,0,1,0,2n Cycle,Together,312,3
980,20,16960.9,87,372.32,33.25,51.62,41.96,30.52,21.41,3,1,5,2,1,1,1,0,0,1,0,0,0,PhD,Married,3317,0
981,29,77923.34,17,944.05,74.09,118.19,52.01,28.67,184.19,4,2,6,3,1,0,0,1,0,0,1,0,0,Basic,Widow,1310,1
982,23,22890.04,93,136.78,38.17,104.7,29.06,8.93,29.66,5,2,3,3,2,1,1,0,0,0,0,0,0,Basic,Together,1756,0
983,36,34216.05,24,130.5,8.13,94.28,32.59,10.57,14.51,2,1,1,5,1,2,1,0,0,0,0,0,0,Basic,Widow,3175,2
984,40,85438.63,77,864.56,21.9,510.76,159.72,62.54,138.95,9,1,8,4,4,0,1,1,0,1,0,0,0,Basic,Divorced,1340,3
985,43,82538.21,29,861.91,59.01,146.34,38.93,35.08,92.17,10,5,13,5,1,1,1,1,0,0,0,1,0,2n Cycle,Single,825,1
986,44,84143.37,74,1124.39,70.65,520.29,91.59,71.4,170.49,3,3,9,9,1,0,0,0,1,0,0,0,0,Master,Widow,3290,3
987,38,79134.85,50,331.5,55.06,561.71,84.72,78.65,55.81,14,3,8,4,2,0,0,1,1,1,0,0,0,Graduation,Together,2042,3
988,21,88892.93,75,770.96,77.93,258.26,55.39,12.81,66.83,7,5,7,4,1,0,0,1,1,0,0,0,0,Graduation,Widow,985,1
989,39,86652.06,89,967.28,49.22,144.42,139.29,0.0,157.3,2,6,4,4,4,0,2,1,1,0,0,0,0,Graduation,Single,100,3
990,23,62525.39,95,433.16,73.81,340.85,42.96,47.12,67.02,8,3,6,9,1,1,2,0,0,1,1,0,0,2n Cycle,Single,698,1
991,34,93975.98,4,583.37,85.47,310.83,259.0,85.24,148.51,1,2,3,8,2,0,0,0,0,1,0,0,0,Graduation,Widow,981,3
992,18,23618.11,76,306.21,37.07,229.45,63.87,23.92,16.78,2,1,3,5,1,2,2,1,0,0,0,0,0,Graduation,Widow,3141,2
993,53,105295.28,23,505.6,100.85,609.31,128.32,55.79,79.8,3,5,4,6,5,0,0,1,1,1,0,0,0,PhD,Divorced,2427,3
994,20,25344.46,88,303.46,27.27,297.52,41.29,19.99,50.74,0,2,6,7,2,2,0,0,1,0,0,1,0,Master,Divorced,2992,0
995,54,95141.88,49,857.24,60.07,433.26,166.56,119.42,114.04,8,4,7,8,0,0,1,0,0,0,0,0,0,Master,Single,2945,3
996,57,87777.84,0,923.25,104.02,305.03,186.3,78.94,78.11,4,3,12,3,3,0,1,0,1,0,0,0,0,Graduation,Divorced,3588,3
997,42,104785.2,25,845.96,9.65,247.99,89.15,89.78,74.48,11,2,7,5,1,1,2,0,0,1,0,0,0,PhD,Divorced,2767,3
998,36,27367.01,30,74.28,12.12,38.82,44.35,11.08,30.98,3,1,1,5,0,1,0,0,0,0,0,0,0,Basic,Single,2291,0
999,38,78564.41,57,256.7,45.94,133.53,50.83,23.5,101.99,4,2,12,5,2,1,1,0,0,1,1,1,0,PhD,Single,785,1
1000,39,98291.92,33,1012.87,66.67,525.59,168.11,78.14,144.06,8,4,6,1,1,0,0,0,0,0,0,1,0,2n Cycle,Single,670,3
